id,uuid,groupid,category,owning_groupid,content_string,normalized_string,lookup_identifier
1179,DEA5349B-F370-47FA-97E1-5ABAEED723AD,161,2055,0,Favorites,favorites,
1180,DEA5349B-F370-47FA-97E1-5ABAEED723AD,3,2030,0,Spring,spring,
1181,DEA5349B-F370-47FA-97E1-5ABAEED723AD,4,1014,0,April,april,
1182,DEA5349B-F370-47FA-97E1-5ABAEED723AD,5,1015,0,2020,2020,
1183,DEA5349B-F370-47FA-97E1-5ABAEED723AD,162,2056,0,IMG_0523.JPG,img_0523.jpg,
12048,92A798FF-8270-42BA-967F-41C0B3CB86DF,161,2055,0,Favorites,favorites,
12049,92A798FF-8270-42BA-967F-41C0B3CB86DF,296,2024,0,Outdoor,outdoor,
12050,92A798FF-8270-42BA-967F-41C0B3CB86DF,295,2024,0,Land,land,
12051,92A798FF-8270-42BA-967F-41C0B3CB86DF,313,2024,0,Mammal,mammal,
12052,92A798FF-8270-42BA-967F-41C0B3CB86DF,1591,2024,0,Seal,seal,
12053,92A798FF-8270-42BA-967F-41C0B3CB86DF,312,2024,0,Animal,animal,
12054,92A798FF-8270-42BA-967F-41C0B3CB86DF,976,2030,0,Winter,winter,
12055,92A798FF-8270-42BA-967F-41C0B3CB86DF,977,1014,0,February,february,
12056,92A798FF-8270-42BA-967F-41C0B3CB86DF,5,1015,0,2020,2020,
12057,92A798FF-8270-42BA-967F-41C0B3CB86DF,2398,2056,0,IMG_0433.JPG,img_0433.jpg,
12708,C0471BD8-EBE8-49F4-A9BB-D6C067279A87,161,2055,0,Favorites,favorites,
12709,C0471BD8-EBE8-49F4-A9BB-D6C067279A87,1591,2024,0,Seal,seal,
12710,C0471BD8-EBE8-49F4-A9BB-D6C067279A87,312,2024,0,Animal,animal,
12711,C0471BD8-EBE8-49F4-A9BB-D6C067279A87,313,2024,0,Mammal,mammal,
12712,C0471BD8-EBE8-49F4-A9BB-D6C067279A87,976,2030,0,Winter,winter,
12713,C0471BD8-EBE8-49F4-A9BB-D6C067279A87,977,1014,0,February,february,
12714,C0471BD8-EBE8-49F4-A9BB-D6C067279A87,5,1015,0,2020,2020,
12715,C0471BD8-EBE8-49F4-A9BB-D6C067279A87,2435,2056,0,IMG_0438.JPG,img_0438.jpg,
13881,1DD0EDC6-1E06-4801-A630-4231CA2F7264,161,2055,0,Favorites,favorites,
13882,1DD0EDC6-1E06-4801-A630-4231CA2F7264,312,2024,0,Animal,animal,
13883,1DD0EDC6-1E06-4801-A630-4231CA2F7264,313,2024,0,Mammal,mammal,
13884,1DD0EDC6-1E06-4801-A630-4231CA2F7264,976,2030,0,Winter,winter,
13885,1DD0EDC6-1E06-4801-A630-4231CA2F7264,977,1014,0,February,february,
13886,1DD0EDC6-1E06-4801-A630-4231CA2F7264,5,1015,0,2020,2020,
13887,1DD0EDC6-1E06-4801-A630-4231CA2F7264,2683,2056,0,IMG_0403.JPG,img_0403.jpg,
13980,2671C060-6A75-4201-87B4-D3CA56B95433,161,2055,0,Favorites,favorites,
13981,2671C060-6A75-4201-87B4-D3CA56B95433,522,2024,0,Rocks,rocks,
13982,2671C060-6A75-4201-87B4-D3CA56B95433,312,2024,0,Animal,animal,
13983,2671C060-6A75-4201-87B4-D3CA56B95433,313,2024,0,Mammal,mammal,
13984,2671C060-6A75-4201-87B4-D3CA56B95433,1591,2024,0,Seal,seal,
13985,2671C060-6A75-4201-87B4-D3CA56B95433,976,2030,0,Winter,winter,
13986,2671C060-6A75-4201-87B4-D3CA56B95433,977,1014,0,February,february,
13987,2671C060-6A75-4201-87B4-D3CA56B95433,5,1015,0,2020,2020,
13988,2671C060-6A75-4201-87B4-D3CA56B95433,2691,2056,0,IMG_0393.JPG,img_0393.jpg,
14616,68C635B0-7852-48E4-B3A6-72A86E9D9927,161,2055,0,Favorites,favorites,
14617,68C635B0-7852-48E4-B3A6-72A86E9D9927,415,2024,0,Water Body,water body,
14618,68C635B0-7852-48E4-B3A6-72A86E9D9927,1916,2024,0,Beach,beach,
14619,68C635B0-7852-48E4-B3A6-72A86E9D9927,296,2024,0,Outdoor,outdoor,
14620,68C635B0-7852-48E4-B3A6-72A86E9D9927,295,2024,0,Land,land,
14621,68C635B0-7852-48E4-B3A6-72A86E9D9927,1592,2024,0,Shore,shore,
14622,68C635B0-7852-48E4-B3A6-72A86E9D9927,339,2024,0,Water,water,
14623,68C635B0-7852-48E4-B3A6-72A86E9D9927,976,2030,0,Winter,winter,
14624,68C635B0-7852-48E4-B3A6-72A86E9D9927,977,1014,0,February,february,
14625,68C635B0-7852-48E4-B3A6-72A86E9D9927,5,1015,0,2020,2020,
14626,68C635B0-7852-48E4-B3A6-72A86E9D9927,2744,2056,0,IMG_0341.JPG,img_0341.jpg,
15058,870ADED8-302A-4D9F-9A99-C0AB7E132703,161,2055,0,Favorites,favorites,
15059,870ADED8-302A-4D9F-9A99-C0AB7E132703,1592,2024,0,Shore,shore,
15060,870ADED8-302A-4D9F-9A99-C0AB7E132703,296,2024,0,Outdoor,outdoor,
15061,870ADED8-302A-4D9F-9A99-C0AB7E132703,295,2024,0,Land,land,
15062,870ADED8-302A-4D9F-9A99-C0AB7E132703,312,2024,0,Animal,animal,
15063,870ADED8-302A-4D9F-9A99-C0AB7E132703,313,2024,0,Mammal,mammal,
15064,870ADED8-302A-4D9F-9A99-C0AB7E132703,1591,2024,0,Seal,seal,
15065,870ADED8-302A-4D9F-9A99-C0AB7E132703,976,2030,0,Winter,winter,
15066,870ADED8-302A-4D9F-9A99-C0AB7E132703,977,1014,0,February,february,
15067,870ADED8-302A-4D9F-9A99-C0AB7E132703,5,1015,0,2020,2020,
15068,870ADED8-302A-4D9F-9A99-C0AB7E132703,2782,2056,0,IMG_0354.JPG,img_0354.jpg,
15379,A05FA28C-4192-4430-A597-21FC5A10BEEE,161,2055,0,Favorites,favorites,
15380,A05FA28C-4192-4430-A597-21FC5A10BEEE,296,2024,0,Outdoor,outdoor,
15381,A05FA28C-4192-4430-A597-21FC5A10BEEE,295,2024,0,Land,land,
15382,A05FA28C-4192-4430-A597-21FC5A10BEEE,1916,2024,0,Beach,beach,
15383,A05FA28C-4192-4430-A597-21FC5A10BEEE,415,2024,0,Water Body,water body,
15384,A05FA28C-4192-4430-A597-21FC5A10BEEE,522,2024,0,Rocks,rocks,
15385,A05FA28C-4192-4430-A597-21FC5A10BEEE,339,2024,0,Water,water,
15386,A05FA28C-4192-4430-A597-21FC5A10BEEE,312,2024,0,Animal,animal,
15387,A05FA28C-4192-4430-A597-21FC5A10BEEE,313,2024,0,Mammal,mammal,
15388,A05FA28C-4192-4430-A597-21FC5A10BEEE,1591,2024,0,Seal,seal,
15389,A05FA28C-4192-4430-A597-21FC5A10BEEE,976,2030,0,Winter,winter,
15390,A05FA28C-4192-4430-A597-21FC5A10BEEE,977,1014,0,February,february,
15391,A05FA28C-4192-4430-A597-21FC5A10BEEE,5,1015,0,2020,2020,
15392,A05FA28C-4192-4430-A597-21FC5A10BEEE,2806,2056,0,IMG_0421.JPG,img_0421.jpg,
15424,A5465C85-C13E-47D5-98DF-212727654FF1,161,2055,0,Favorites,favorites,
15425,A5465C85-C13E-47D5-98DF-212727654FF1,295,2024,0,Land,land,
15426,A5465C85-C13E-47D5-98DF-212727654FF1,1591,2024,0,Seal,seal,
15427,A5465C85-C13E-47D5-98DF-212727654FF1,312,2024,0,Animal,animal,
15428,A5465C85-C13E-47D5-98DF-212727654FF1,313,2024,0,Mammal,mammal,
15429,A5465C85-C13E-47D5-98DF-212727654FF1,296,2024,0,Outdoor,outdoor,
15430,A5465C85-C13E-47D5-98DF-212727654FF1,522,2024,0,Rocks,rocks,
15431,A5465C85-C13E-47D5-98DF-212727654FF1,976,2030,0,Winter,winter,
15432,A5465C85-C13E-47D5-98DF-212727654FF1,977,1014,0,February,february,
15433,A5465C85-C13E-47D5-98DF-212727654FF1,5,1015,0,2020,2020,
15434,A5465C85-C13E-47D5-98DF-212727654FF1,2810,2056,0,IMG_0422.JPG,img_0422.jpg,
16231,DE8F9059-EB54-45DD-A749-75E2D53718E9,161,2055,0,Favorites,favorites,
16232,DE8F9059-EB54-45DD-A749-75E2D53718E9,1593,2024,0,Sea Lion,sea lion,
16233,DE8F9059-EB54-45DD-A749-75E2D53718E9,1591,2024,0,Seal,seal,
16234,DE8F9059-EB54-45DD-A749-75E2D53718E9,296,2024,0,Outdoor,outdoor,
16235,DE8F9059-EB54-45DD-A749-75E2D53718E9,295,2024,0,Land,land,
16236,DE8F9059-EB54-45DD-A749-75E2D53718E9,312,2024,0,Animal,animal,
16237,DE8F9059-EB54-45DD-A749-75E2D53718E9,313,2024,0,Mammal,mammal,
16238,DE8F9059-EB54-45DD-A749-75E2D53718E9,976,2030,0,Winter,winter,
16239,DE8F9059-EB54-45DD-A749-75E2D53718E9,977,1014,0,February,february,
16240,DE8F9059-EB54-45DD-A749-75E2D53718E9,5,1015,0,2020,2020,
16241,DE8F9059-EB54-45DD-A749-75E2D53718E9,2878,2056,0,IMG_0428.JPG,img_0428.jpg,
16488,FAA1F532-605C-4C8E-BBF8-2E5DF201CB1D,161,2055,0,Favorites,favorites,
16489,FAA1F532-605C-4C8E-BBF8-2E5DF201CB1D,1591,2024,0,Seal,seal,
16490,FAA1F532-605C-4C8E-BBF8-2E5DF201CB1D,313,2024,0,Mammal,mammal,
16491,FAA1F532-605C-4C8E-BBF8-2E5DF201CB1D,312,2024,0,Animal,animal,
16492,FAA1F532-605C-4C8E-BBF8-2E5DF201CB1D,976,2030,0,Winter,winter,
16493,FAA1F532-605C-4C8E-BBF8-2E5DF201CB1D,977,1014,0,February,february,
16494,FAA1F532-605C-4C8E-BBF8-2E5DF201CB1D,5,1015,0,2020,2020,
16495,FAA1F532-605C-4C8E-BBF8-2E5DF201CB1D,2898,2056,0,IMG_0406.JPG,img_0406.jpg,
16506,FC80510B-1BFF-4750-9C67-DEB2E8605F0A,161,2055,0,Favorites,favorites,
16507,FC80510B-1BFF-4750-9C67-DEB2E8605F0A,1591,2024,0,Seal,seal,
16508,FC80510B-1BFF-4750-9C67-DEB2E8605F0A,313,2024,0,Mammal,mammal,
16509,FC80510B-1BFF-4750-9C67-DEB2E8605F0A,312,2024,0,Animal,animal,
16510,FC80510B-1BFF-4750-9C67-DEB2E8605F0A,976,2030,0,Winter,winter,
16511,FC80510B-1BFF-4750-9C67-DEB2E8605F0A,977,1014,0,February,february,
16512,FC80510B-1BFF-4750-9C67-DEB2E8605F0A,5,1015,0,2020,2020,
16513,FC80510B-1BFF-4750-9C67-DEB2E8605F0A,2900,2056,0,IMG_0412.JPG,img_0412.jpg,
23720,4989D148-E809-4B16-850E-E996339D7224,161,2055,0,Favorites,favorites,
23721,4989D148-E809-4B16-850E-E996339D7224,296,2024,0,Outdoor,outdoor,
23722,4989D148-E809-4B16-850E-E996339D7224,397,2024,0,Plant,plant,
23723,4989D148-E809-4B16-850E-E996339D7224,420,2024,0,Foliage,foliage,
23724,4989D148-E809-4B16-850E-E996339D7224,976,2030,0,Winter,winter,
23725,4989D148-E809-4B16-850E-E996339D7224,2154,1014,0,January,january,
23726,4989D148-E809-4B16-850E-E996339D7224,5,1015,0,2020,2020,
23727,4989D148-E809-4B16-850E-E996339D7224,3892,2056,0,IMG_2940.HEIC,img_2940.heic,
23728,4989D148-E809-4B16-850E-E996339D7224,7,12,0,United States,united states,
23729,4989D148-E809-4B16-850E-E996339D7224,8,10,7,California,california,
23730,4989D148-E809-4B16-850E-E996339D7224,960,7,0,San Mateo,san mateo,
23731,4989D148-E809-4B16-850E-E996339D7224,961,5,960,Menlo Park,menlo park,
23732,4989D148-E809-4B16-850E-E996339D7224,962,3,961,Downtown Menlo Park,downtown menlo park,
23733,4989D148-E809-4B16-850E-E996339D7224,1634,2,962,Curtis St,curtis st,
25088,973F76C4-33A5-4ADD-A896-8E9744AB177E,161,2055,0,Favorites,favorites,
25089,973F76C4-33A5-4ADD-A896-8E9744AB177E,397,2024,0,Plant,plant,
25090,973F76C4-33A5-4ADD-A896-8E9744AB177E,976,2030,0,Winter,winter,
25091,973F76C4-33A5-4ADD-A896-8E9744AB177E,2154,1014,0,January,january,
25092,973F76C4-33A5-4ADD-A896-8E9744AB177E,5,1015,0,2020,2020,
25093,973F76C4-33A5-4ADD-A896-8E9744AB177E,3983,2056,0,IMG_2944.HEIC,img_2944.heic,
25094,973F76C4-33A5-4ADD-A896-8E9744AB177E,7,12,0,United States,united states,
25095,973F76C4-33A5-4ADD-A896-8E9744AB177E,8,10,7,California,california,
25096,973F76C4-33A5-4ADD-A896-8E9744AB177E,960,7,0,San Mateo,san mateo,
25097,973F76C4-33A5-4ADD-A896-8E9744AB177E,961,5,960,Menlo Park,menlo park,
25098,973F76C4-33A5-4ADD-A896-8E9744AB177E,962,3,961,Downtown Menlo Park,downtown menlo park,
25099,973F76C4-33A5-4ADD-A896-8E9744AB177E,1634,2,962,Curtis St,curtis st,
52066,01CEBCA2-922B-407C-A726-95D9E0EAB31C,312,2024,0,Animal,animal,
52067,01CEBCA2-922B-407C-A726-95D9E0EAB31C,981,2024,0,Bird,bird,
52068,01CEBCA2-922B-407C-A726-95D9E0EAB31C,3813,2024,0,Pelican,pelican,
52069,01CEBCA2-922B-407C-A726-95D9E0EAB31C,2960,2030,0,Fall,fall,
52070,01CEBCA2-922B-407C-A726-95D9E0EAB31C,2961,1014,0,November,november,
52071,01CEBCA2-922B-407C-A726-95D9E0EAB31C,2530,1015,0,2019,2019,
52072,01CEBCA2-922B-407C-A726-95D9E0EAB31C,6273,2056,0,IMG_0070.JPG,img_0070.jpg,
52151,08D18A51-8004-4F00-B79E-4AA1628FB111,3813,2024,0,Pelican,pelican,
52152,08D18A51-8004-4F00-B79E-4AA1628FB111,312,2024,0,Animal,animal,
52153,08D18A51-8004-4F00-B79E-4AA1628FB111,981,2024,0,Bird,bird,
52154,08D18A51-8004-4F00-B79E-4AA1628FB111,2960,2030,0,Fall,fall,
52155,08D18A51-8004-4F00-B79E-4AA1628FB111,2961,1014,0,November,november,
52156,08D18A51-8004-4F00-B79E-4AA1628FB111,2530,1015,0,2019,2019,
52157,08D18A51-8004-4F00-B79E-4AA1628FB111,6281,2056,0,IMG_0067.JPG,img_0067.jpg,
52158,0A9EB544-AC29-4D70-BDD2-4DF2E53D6E1A,981,2024,0,Bird,bird,
52159,0A9EB544-AC29-4D70-BDD2-4DF2E53D6E1A,3813,2024,0,Pelican,pelican,
52160,0A9EB544-AC29-4D70-BDD2-4DF2E53D6E1A,312,2024,0,Animal,animal,
52161,0A9EB544-AC29-4D70-BDD2-4DF2E53D6E1A,2960,2030,0,Fall,fall,
52162,0A9EB544-AC29-4D70-BDD2-4DF2E53D6E1A,2961,1014,0,November,november,
52163,0A9EB544-AC29-4D70-BDD2-4DF2E53D6E1A,2530,1015,0,2019,2019,
52164,0A9EB544-AC29-4D70-BDD2-4DF2E53D6E1A,6282,2056,0,IMG_0060.JPG,img_0060.jpg,
52286,1B6765D2-F281-48DB-A23A-C081FFAC69DC,312,2024,0,Animal,animal,
52287,1B6765D2-F281-48DB-A23A-C081FFAC69DC,981,2024,0,Bird,bird,
52288,1B6765D2-F281-48DB-A23A-C081FFAC69DC,3813,2024,0,Pelican,pelican,
52289,1B6765D2-F281-48DB-A23A-C081FFAC69DC,2960,2030,0,Fall,fall,
52290,1B6765D2-F281-48DB-A23A-C081FFAC69DC,2961,1014,0,November,november,
52291,1B6765D2-F281-48DB-A23A-C081FFAC69DC,2530,1015,0,2019,2019,
52292,1B6765D2-F281-48DB-A23A-C081FFAC69DC,6293,2056,0,IMG_0077.JPG,img_0077.jpg,
52421,2B4AD4FE-BEB7-4E86-84B4-2BEBA79615F7,3813,2024,0,Pelican,pelican,
52422,2B4AD4FE-BEB7-4E86-84B4-2BEBA79615F7,312,2024,0,Animal,animal,
52423,2B4AD4FE-BEB7-4E86-84B4-2BEBA79615F7,981,2024,0,Bird,bird,
52424,2B4AD4FE-BEB7-4E86-84B4-2BEBA79615F7,2960,2030,0,Fall,fall,
52425,2B4AD4FE-BEB7-4E86-84B4-2BEBA79615F7,2961,1014,0,November,november,
52426,2B4AD4FE-BEB7-4E86-84B4-2BEBA79615F7,2530,1015,0,2019,2019,
52427,2B4AD4FE-BEB7-4E86-84B4-2BEBA79615F7,6304,2056,0,IMG_0057.JPG,img_0057.jpg,
52447,2C40753A-80EB-4B9E-B0C4-678E61A06C55,312,2024,0,Animal,animal,
52448,2C40753A-80EB-4B9E-B0C4-678E61A06C55,981,2024,0,Bird,bird,
52449,2C40753A-80EB-4B9E-B0C4-678E61A06C55,3813,2024,0,Pelican,pelican,
52450,2C40753A-80EB-4B9E-B0C4-678E61A06C55,2960,2030,0,Fall,fall,
52451,2C40753A-80EB-4B9E-B0C4-678E61A06C55,2961,1014,0,November,november,
52452,2C40753A-80EB-4B9E-B0C4-678E61A06C55,2530,1015,0,2019,2019,
52453,2C40753A-80EB-4B9E-B0C4-678E61A06C55,6306,2056,0,IMG_0082.JPG,img_0082.jpg,
52471,2D40FEB4-03ED-4C06-BEAF-F54E0523D909,161,2055,0,Favorites,favorites,
52472,2D40FEB4-03ED-4C06-BEAF-F54E0523D909,2,2046,0,Live Photos,live photos,
52473,2D40FEB4-03ED-4C06-BEAF-F54E0523D909,286,2024,0,People,people,
52474,2D40FEB4-03ED-4C06-BEAF-F54E0523D909,2960,2030,0,Fall,fall,
52475,2D40FEB4-03ED-4C06-BEAF-F54E0523D909,2961,1014,0,November,november,
52476,2D40FEB4-03ED-4C06-BEAF-F54E0523D909,2530,1015,0,2019,2019,
52477,2D40FEB4-03ED-4C06-BEAF-F54E0523D909,6308,2056,0,IMG_0773.HEIC,img_0773.heic,
52478,2D40FEB4-03ED-4C06-BEAF-F54E0523D909,7,12,0,United States,united states,
52479,2D40FEB4-03ED-4C06-BEAF-F54E0523D909,8,10,7,California,california,
52480,2D40FEB4-03ED-4C06-BEAF-F54E0523D909,951,7,8,Santa Clara,santa clara,
52481,2D40FEB4-03ED-4C06-BEAF-F54E0523D909,6297,5,951,East Palo Alto,east palo alto,
52482,2D40FEB4-03ED-4C06-BEAF-F54E0523D909,3814,2,0,Embarcadero Rd,embarcadero rd,
52483,2D40FEB4-03ED-4C06-BEAF-F54E0523D909,3815,1,0,Baylands Nature Preserve,baylands nature preserve,
52615,398058A8-F11E-4306-8272-05A438B6E523,3813,2024,0,Pelican,pelican,
52616,398058A8-F11E-4306-8272-05A438B6E523,981,2024,0,Bird,bird,
52617,398058A8-F11E-4306-8272-05A438B6E523,312,2024,0,Animal,animal,
52618,398058A8-F11E-4306-8272-05A438B6E523,2960,2030,0,Fall,fall,
52619,398058A8-F11E-4306-8272-05A438B6E523,2961,1014,0,November,november,
52620,398058A8-F11E-4306-8272-05A438B6E523,2530,1015,0,2019,2019,
52621,398058A8-F11E-4306-8272-05A438B6E523,6319,2056,0,IMG_0068.JPG,img_0068.jpg,
52761,41CFBC2A-16F0-4F09-9A9F-5B83AA554B1D,3813,2024,0,Pelican,pelican,
52762,41CFBC2A-16F0-4F09-9A9F-5B83AA554B1D,312,2024,0,Animal,animal,
52763,41CFBC2A-16F0-4F09-9A9F-5B83AA554B1D,981,2024,0,Bird,bird,
52764,41CFBC2A-16F0-4F09-9A9F-5B83AA554B1D,2960,2030,0,Fall,fall,
52765,41CFBC2A-16F0-4F09-9A9F-5B83AA554B1D,2961,1014,0,November,november,
52766,41CFBC2A-16F0-4F09-9A9F-5B83AA554B1D,2530,1015,0,2019,2019,
52767,41CFBC2A-16F0-4F09-9A9F-5B83AA554B1D,6329,2056,0,IMG_0066.JPG,img_0066.jpg,
52807,429A1239-744D-4A61-A33B-1BF261584128,3813,2024,0,Pelican,pelican,
52808,429A1239-744D-4A61-A33B-1BF261584128,312,2024,0,Animal,animal,
52809,429A1239-744D-4A61-A33B-1BF261584128,981,2024,0,Bird,bird,
52810,429A1239-744D-4A61-A33B-1BF261584128,2960,2030,0,Fall,fall,
52811,429A1239-744D-4A61-A33B-1BF261584128,2961,1014,0,November,november,
52812,429A1239-744D-4A61-A33B-1BF261584128,2530,1015,0,2019,2019,
52813,429A1239-744D-4A61-A33B-1BF261584128,6333,2056,0,IMG_0084.JPG,img_0084.jpg,
52920,46ABC862-9837-404A-832B-4158270704FF,3813,2024,0,Pelican,pelican,
52921,46ABC862-9837-404A-832B-4158270704FF,981,2024,0,Bird,bird,
52922,46ABC862-9837-404A-832B-4158270704FF,312,2024,0,Animal,animal,
52923,46ABC862-9837-404A-832B-4158270704FF,2960,2030,0,Fall,fall,
52924,46ABC862-9837-404A-832B-4158270704FF,2961,1014,0,November,november,
52925,46ABC862-9837-404A-832B-4158270704FF,2530,1015,0,2019,2019,
52926,46ABC862-9837-404A-832B-4158270704FF,6341,2056,0,IMG_0089.JPG,img_0089.jpg,
53033,4E45EBA2-F531-4076-8741-A6D18656D677,3813,2024,0,Pelican,pelican,
53034,4E45EBA2-F531-4076-8741-A6D18656D677,312,2024,0,Animal,animal,
53035,4E45EBA2-F531-4076-8741-A6D18656D677,981,2024,0,Bird,bird,
53036,4E45EBA2-F531-4076-8741-A6D18656D677,2960,2030,0,Fall,fall,
53037,4E45EBA2-F531-4076-8741-A6D18656D677,2961,1014,0,November,november,
53038,4E45EBA2-F531-4076-8741-A6D18656D677,2530,1015,0,2019,2019,
53039,4E45EBA2-F531-4076-8741-A6D18656D677,6348,2056,0,IMG_0056.JPG,img_0056.jpg,
53040,4EC865F7-E05C-42A0-B43A-4D46235F6F9C,981,2024,0,Bird,bird,
53041,4EC865F7-E05C-42A0-B43A-4D46235F6F9C,3813,2024,0,Pelican,pelican,
53042,4EC865F7-E05C-42A0-B43A-4D46235F6F9C,312,2024,0,Animal,animal,
53043,4EC865F7-E05C-42A0-B43A-4D46235F6F9C,2960,2030,0,Fall,fall,
53044,4EC865F7-E05C-42A0-B43A-4D46235F6F9C,2961,1014,0,November,november,
53045,4EC865F7-E05C-42A0-B43A-4D46235F6F9C,2530,1015,0,2019,2019,
53046,4EC865F7-E05C-42A0-B43A-4D46235F6F9C,6349,2056,0,IMG_0081.JPG,img_0081.jpg,
53165,5C8A9E7C-62A9-4609-95C7-75826C03EF24,3813,2024,0,Pelican,pelican,
53166,5C8A9E7C-62A9-4609-95C7-75826C03EF24,981,2024,0,Bird,bird,
53167,5C8A9E7C-62A9-4609-95C7-75826C03EF24,312,2024,0,Animal,animal,
53168,5C8A9E7C-62A9-4609-95C7-75826C03EF24,2960,2030,0,Fall,fall,
53169,5C8A9E7C-62A9-4609-95C7-75826C03EF24,2961,1014,0,November,november,
53170,5C8A9E7C-62A9-4609-95C7-75826C03EF24,2530,1015,0,2019,2019,
53171,5C8A9E7C-62A9-4609-95C7-75826C03EF24,6359,2056,0,IMG_0088.JPG,img_0088.jpg,
53194,5FCADAE8-4708-4E56-B6B0-F718EE9446F7,3813,2024,0,Pelican,pelican,
53195,5FCADAE8-4708-4E56-B6B0-F718EE9446F7,981,2024,0,Bird,bird,
53196,5FCADAE8-4708-4E56-B6B0-F718EE9446F7,312,2024,0,Animal,animal,
53197,5FCADAE8-4708-4E56-B6B0-F718EE9446F7,2960,2030,0,Fall,fall,
53198,5FCADAE8-4708-4E56-B6B0-F718EE9446F7,2961,1014,0,November,november,
53199,5FCADAE8-4708-4E56-B6B0-F718EE9446F7,2530,1015,0,2019,2019,
53200,5FCADAE8-4708-4E56-B6B0-F718EE9446F7,6361,2056,0,IMG_0075.JPG,img_0075.jpg,
53251,65600C73-CFBC-4FD9-AADE-9CA39F776FC2,981,2024,0,Bird,bird,
53252,65600C73-CFBC-4FD9-AADE-9CA39F776FC2,3813,2024,0,Pelican,pelican,
53253,65600C73-CFBC-4FD9-AADE-9CA39F776FC2,312,2024,0,Animal,animal,
53254,65600C73-CFBC-4FD9-AADE-9CA39F776FC2,2960,2030,0,Fall,fall,
53255,65600C73-CFBC-4FD9-AADE-9CA39F776FC2,2961,1014,0,November,november,
53256,65600C73-CFBC-4FD9-AADE-9CA39F776FC2,2530,1015,0,2019,2019,
53257,65600C73-CFBC-4FD9-AADE-9CA39F776FC2,6365,2056,0,IMG_0071.JPG,img_0071.jpg,
53298,6DD60E1B-A93F-431C-BEE5-E7B2AEF430BE,415,2024,0,Water Body,water body,
53299,6DD60E1B-A93F-431C-BEE5-E7B2AEF430BE,339,2024,0,Water,water,
53300,6DD60E1B-A93F-431C-BEE5-E7B2AEF430BE,312,2024,0,Animal,animal,
53301,6DD60E1B-A93F-431C-BEE5-E7B2AEF430BE,981,2024,0,Bird,bird,
53302,6DD60E1B-A93F-431C-BEE5-E7B2AEF430BE,3813,2024,0,Pelican,pelican,
53303,6DD60E1B-A93F-431C-BEE5-E7B2AEF430BE,2960,2030,0,Fall,fall,
53304,6DD60E1B-A93F-431C-BEE5-E7B2AEF430BE,2961,1014,0,November,november,
53305,6DD60E1B-A93F-431C-BEE5-E7B2AEF430BE,2530,1015,0,2019,2019,
53306,6DD60E1B-A93F-431C-BEE5-E7B2AEF430BE,6369,2056,0,IMG_0059.JPG,img_0059.jpg,
53429,7C21930F-62A8-4540-91C4-E080707A4CC5,312,2024,0,Animal,animal,
53430,7C21930F-62A8-4540-91C4-E080707A4CC5,981,2024,0,Bird,bird,
53431,7C21930F-62A8-4540-91C4-E080707A4CC5,3813,2024,0,Pelican,pelican,
53432,7C21930F-62A8-4540-91C4-E080707A4CC5,2960,2030,0,Fall,fall,
53433,7C21930F-62A8-4540-91C4-E080707A4CC5,2961,1014,0,November,november,
53434,7C21930F-62A8-4540-91C4-E080707A4CC5,2530,1015,0,2019,2019,
53435,7C21930F-62A8-4540-91C4-E080707A4CC5,6380,2056,0,IMG_0076.JPG,img_0076.jpg,
53571,8A1CFD4F-AF9F-4018-A451-4709416FAEA0,161,2055,0,Favorites,favorites,
53572,8A1CFD4F-AF9F-4018-A451-4709416FAEA0,6274,2024,0,Heron,heron,
53573,8A1CFD4F-AF9F-4018-A451-4709416FAEA0,981,2024,0,Bird,bird,
53574,8A1CFD4F-AF9F-4018-A451-4709416FAEA0,312,2024,0,Animal,animal,
53575,8A1CFD4F-AF9F-4018-A451-4709416FAEA0,2960,2030,0,Fall,fall,
53576,8A1CFD4F-AF9F-4018-A451-4709416FAEA0,2961,1014,0,November,november,
53577,8A1CFD4F-AF9F-4018-A451-4709416FAEA0,2530,1015,0,2019,2019,
53578,8A1CFD4F-AF9F-4018-A451-4709416FAEA0,6394,2056,0,IMG_0092.JPG,img_0092.jpg,
53744,9ABD9958-31BE-4B9D-9480-7E3342B601FD,161,2055,0,Favorites,favorites,
53745,9ABD9958-31BE-4B9D-9480-7E3342B601FD,2,2046,0,Live Photos,live photos,
53746,9ABD9958-31BE-4B9D-9480-7E3342B601FD,503,2024,0,Chair Other,chair other,
53747,9ABD9958-31BE-4B9D-9480-7E3342B601FD,1602,2024,0,Bookshelf,bookshelf,
53748,9ABD9958-31BE-4B9D-9480-7E3342B601FD,502,2024,0,Chair,chair,
53749,9ABD9958-31BE-4B9D-9480-7E3342B601FD,350,2024,0,Interior Room,interior room,
53750,9ABD9958-31BE-4B9D-9480-7E3342B601FD,6408,2024,0,Library,library,
53751,9ABD9958-31BE-4B9D-9480-7E3342B601FD,331,2024,0,Table,table,
53752,9ABD9958-31BE-4B9D-9480-7E3342B601FD,332,2024,0,Furniture,furniture,
53753,9ABD9958-31BE-4B9D-9480-7E3342B601FD,5747,2024,0,Desk,desk,
53754,9ABD9958-31BE-4B9D-9480-7E3342B601FD,2960,2030,0,Fall,fall,
53755,9ABD9958-31BE-4B9D-9480-7E3342B601FD,3778,1014,0,October,october,
53756,9ABD9958-31BE-4B9D-9480-7E3342B601FD,2530,1015,0,2019,2019,
53757,9ABD9958-31BE-4B9D-9480-7E3342B601FD,6409,2056,0,IMG_0687.HEIC,img_0687.heic,
53758,9ABD9958-31BE-4B9D-9480-7E3342B601FD,7,12,0,United States,united states,
53759,9ABD9958-31BE-4B9D-9480-7E3342B601FD,8,10,7,California,california,
53760,9ABD9958-31BE-4B9D-9480-7E3342B601FD,951,7,8,Santa Clara,santa clara,
53761,9ABD9958-31BE-4B9D-9480-7E3342B601FD,952,5,951,Stanford,stanford,
53762,9ABD9958-31BE-4B9D-9480-7E3342B601FD,1727,2,952,Lasuen Mall,lasuen mall,
53763,9ABD9958-31BE-4B9D-9480-7E3342B601FD,3782,1,0,Cecil H. Green Library,cecil h. green library,
53764,9ABD9958-31BE-4B9D-9480-7E3342B601FD,954,1,0,Stanford University,stanford university,
53877,9D0280F7-D619-4D2C-B323-B21CAEBA92EF,161,2055,0,Favorites,favorites,
53878,9D0280F7-D619-4D2C-B323-B21CAEBA92EF,981,2024,0,Bird,bird,
53879,9D0280F7-D619-4D2C-B323-B21CAEBA92EF,3813,2024,0,Pelican,pelican,
53880,9D0280F7-D619-4D2C-B323-B21CAEBA92EF,312,2024,0,Animal,animal,
53881,9D0280F7-D619-4D2C-B323-B21CAEBA92EF,2960,2030,0,Fall,fall,
53882,9D0280F7-D619-4D2C-B323-B21CAEBA92EF,2961,1014,0,November,november,
53883,9D0280F7-D619-4D2C-B323-B21CAEBA92EF,2530,1015,0,2019,2019,
53884,9D0280F7-D619-4D2C-B323-B21CAEBA92EF,6417,2056,0,IMG_0080.JPG,img_0080.jpg,
53956,A40BDBBE-2DC6-4385-8108-8C15F37610B4,3813,2024,0,Pelican,pelican,
53957,A40BDBBE-2DC6-4385-8108-8C15F37610B4,312,2024,0,Animal,animal,
53958,A40BDBBE-2DC6-4385-8108-8C15F37610B4,981,2024,0,Bird,bird,
53959,A40BDBBE-2DC6-4385-8108-8C15F37610B4,2960,2030,0,Fall,fall,
53960,A40BDBBE-2DC6-4385-8108-8C15F37610B4,2961,1014,0,November,november,
53961,A40BDBBE-2DC6-4385-8108-8C15F37610B4,2530,1015,0,2019,2019,
53962,A40BDBBE-2DC6-4385-8108-8C15F37610B4,6423,2056,0,IMG_0073.JPG,img_0073.jpg,
54004,A4F38147-CE20-41A8-8811-583623ABE085,981,2024,0,Bird,bird,
54005,A4F38147-CE20-41A8-8811-583623ABE085,3813,2024,0,Pelican,pelican,
54006,A4F38147-CE20-41A8-8811-583623ABE085,312,2024,0,Animal,animal,
54007,A4F38147-CE20-41A8-8811-583623ABE085,2960,2030,0,Fall,fall,
54008,A4F38147-CE20-41A8-8811-583623ABE085,2961,1014,0,November,november,
54009,A4F38147-CE20-41A8-8811-583623ABE085,2530,1015,0,2019,2019,
54010,A4F38147-CE20-41A8-8811-583623ABE085,6426,2056,0,IMG_0090.JPG,img_0090.jpg,
54030,A6FB150E-71C0-4524-8344-57CF59FE1B9E,981,2024,0,Bird,bird,
54031,A6FB150E-71C0-4524-8344-57CF59FE1B9E,3813,2024,0,Pelican,pelican,
54032,A6FB150E-71C0-4524-8344-57CF59FE1B9E,312,2024,0,Animal,animal,
54033,A6FB150E-71C0-4524-8344-57CF59FE1B9E,2960,2030,0,Fall,fall,
54034,A6FB150E-71C0-4524-8344-57CF59FE1B9E,2961,1014,0,November,november,
54035,A6FB150E-71C0-4524-8344-57CF59FE1B9E,2530,1015,0,2019,2019,
54036,A6FB150E-71C0-4524-8344-57CF59FE1B9E,6429,2056,0,IMG_0072.JPG,img_0072.jpg,
54037,A9DA3A99-BD48-48F2-9F5A-2328329D320E,981,2024,0,Bird,bird,
54038,A9DA3A99-BD48-48F2-9F5A-2328329D320E,3813,2024,0,Pelican,pelican,
54039,A9DA3A99-BD48-48F2-9F5A-2328329D320E,312,2024,0,Animal,animal,
54040,A9DA3A99-BD48-48F2-9F5A-2328329D320E,2960,2030,0,Fall,fall,
54041,A9DA3A99-BD48-48F2-9F5A-2328329D320E,2961,1014,0,November,november,
54042,A9DA3A99-BD48-48F2-9F5A-2328329D320E,2530,1015,0,2019,2019,
54043,A9DA3A99-BD48-48F2-9F5A-2328329D320E,6430,2056,0,IMG_0055.JPG,img_0055.jpg,
54095,B0F72802-C713-43D3-899A-81C4AED347DC,3813,2024,0,Pelican,pelican,
54096,B0F72802-C713-43D3-899A-81C4AED347DC,981,2024,0,Bird,bird,
54097,B0F72802-C713-43D3-899A-81C4AED347DC,312,2024,0,Animal,animal,
54098,B0F72802-C713-43D3-899A-81C4AED347DC,2960,2030,0,Fall,fall,
54099,B0F72802-C713-43D3-899A-81C4AED347DC,2961,1014,0,November,november,
54100,B0F72802-C713-43D3-899A-81C4AED347DC,2530,1015,0,2019,2019,
54101,B0F72802-C713-43D3-899A-81C4AED347DC,6435,2056,0,IMG_0085.JPG,img_0085.jpg,
54184,B47D9214-ACC0-4A75-8837-8DCA2E7F0D28,312,2024,0,Animal,animal,
54185,B47D9214-ACC0-4A75-8837-8DCA2E7F0D28,981,2024,0,Bird,bird,
54186,B47D9214-ACC0-4A75-8837-8DCA2E7F0D28,3813,2024,0,Pelican,pelican,
54187,B47D9214-ACC0-4A75-8837-8DCA2E7F0D28,2960,2030,0,Fall,fall,
54188,B47D9214-ACC0-4A75-8837-8DCA2E7F0D28,2961,1014,0,November,november,
54189,B47D9214-ACC0-4A75-8837-8DCA2E7F0D28,2530,1015,0,2019,2019,
54190,B47D9214-ACC0-4A75-8837-8DCA2E7F0D28,6442,2056,0,IMG_0054.JPG,img_0054.jpg,
54271,BA1C8565-7D1C-49E3-93BA-183B8D6B1270,312,2024,0,Animal,animal,
54272,BA1C8565-7D1C-49E3-93BA-183B8D6B1270,981,2024,0,Bird,bird,
54273,BA1C8565-7D1C-49E3-93BA-183B8D6B1270,3813,2024,0,Pelican,pelican,
54274,BA1C8565-7D1C-49E3-93BA-183B8D6B1270,2960,2030,0,Fall,fall,
54275,BA1C8565-7D1C-49E3-93BA-183B8D6B1270,2961,1014,0,November,november,
54276,BA1C8565-7D1C-49E3-93BA-183B8D6B1270,2530,1015,0,2019,2019,
54277,BA1C8565-7D1C-49E3-93BA-183B8D6B1270,6448,2056,0,IMG_0078.JPG,img_0078.jpg,
54520,D28ACD11-B3D5-43BE-96C5-9CE7D39E95E1,981,2024,0,Bird,bird,
54521,D28ACD11-B3D5-43BE-96C5-9CE7D39E95E1,3813,2024,0,Pelican,pelican,
54522,D28ACD11-B3D5-43BE-96C5-9CE7D39E95E1,312,2024,0,Animal,animal,
54523,D28ACD11-B3D5-43BE-96C5-9CE7D39E95E1,2960,2030,0,Fall,fall,
54524,D28ACD11-B3D5-43BE-96C5-9CE7D39E95E1,2961,1014,0,November,november,
54525,D28ACD11-B3D5-43BE-96C5-9CE7D39E95E1,2530,1015,0,2019,2019,
54526,D28ACD11-B3D5-43BE-96C5-9CE7D39E95E1,6468,2056,0,IMG_0079.JPG,img_0079.jpg,
54724,E28B94C5-3FD9-4199-B291-5727F3D40053,981,2024,0,Bird,bird,
54725,E28B94C5-3FD9-4199-B291-5727F3D40053,3813,2024,0,Pelican,pelican,
54726,E28B94C5-3FD9-4199-B291-5727F3D40053,312,2024,0,Animal,animal,
54727,E28B94C5-3FD9-4199-B291-5727F3D40053,2960,2030,0,Fall,fall,
54728,E28B94C5-3FD9-4199-B291-5727F3D40053,2961,1014,0,November,november,
54729,E28B94C5-3FD9-4199-B291-5727F3D40053,2530,1015,0,2019,2019,
54730,E28B94C5-3FD9-4199-B291-5727F3D40053,6485,2056,0,IMG_0087.JPG,img_0087.jpg,
54731,E38B4879-580E-454E-A06C-65335EDEBEB1,312,2024,0,Animal,animal,
54732,E38B4879-580E-454E-A06C-65335EDEBEB1,981,2024,0,Bird,bird,
54733,E38B4879-580E-454E-A06C-65335EDEBEB1,3813,2024,0,Pelican,pelican,
54734,E38B4879-580E-454E-A06C-65335EDEBEB1,2960,2030,0,Fall,fall,
54735,E38B4879-580E-454E-A06C-65335EDEBEB1,2961,1014,0,November,november,
54736,E38B4879-580E-454E-A06C-65335EDEBEB1,2530,1015,0,2019,2019,
54737,E38B4879-580E-454E-A06C-65335EDEBEB1,6486,2056,0,IMG_0058.JPG,img_0058.jpg,
54923,F6C8C0BE-AC14-43D9-93DD-ABBE269505DC,161,2055,0,Favorites,favorites,
54924,F6C8C0BE-AC14-43D9-93DD-ABBE269505DC,3813,2024,0,Pelican,pelican,
54925,F6C8C0BE-AC14-43D9-93DD-ABBE269505DC,312,2024,0,Animal,animal,
54926,F6C8C0BE-AC14-43D9-93DD-ABBE269505DC,981,2024,0,Bird,bird,
54927,F6C8C0BE-AC14-43D9-93DD-ABBE269505DC,2960,2030,0,Fall,fall,
54928,F6C8C0BE-AC14-43D9-93DD-ABBE269505DC,2961,1014,0,November,november,
54929,F6C8C0BE-AC14-43D9-93DD-ABBE269505DC,2530,1015,0,2019,2019,
54930,F6C8C0BE-AC14-43D9-93DD-ABBE269505DC,6503,2056,0,IMG_0086.JPG,img_0086.jpg,
54988,FC01AB36-9465-4F95-8DC9-618FBC1405A6,3813,2024,0,Pelican,pelican,
54989,FC01AB36-9465-4F95-8DC9-618FBC1405A6,312,2024,0,Animal,animal,
54990,FC01AB36-9465-4F95-8DC9-618FBC1405A6,981,2024,0,Bird,bird,
54991,FC01AB36-9465-4F95-8DC9-618FBC1405A6,2960,2030,0,Fall,fall,
54992,FC01AB36-9465-4F95-8DC9-618FBC1405A6,2961,1014,0,November,november,
54993,FC01AB36-9465-4F95-8DC9-618FBC1405A6,2530,1015,0,2019,2019,
54994,FC01AB36-9465-4F95-8DC9-618FBC1405A6,6507,2056,0,IMG_0065.JPG,img_0065.jpg,
55072,FF230430-EDD4-4E3F-83F9-C105A7EE7598,312,2024,0,Animal,animal,
55073,FF230430-EDD4-4E3F-83F9-C105A7EE7598,981,2024,0,Bird,bird,
55074,FF230430-EDD4-4E3F-83F9-C105A7EE7598,3813,2024,0,Pelican,pelican,
55075,FF230430-EDD4-4E3F-83F9-C105A7EE7598,2960,2030,0,Fall,fall,
55076,FF230430-EDD4-4E3F-83F9-C105A7EE7598,2961,1014,0,November,november,
55077,FF230430-EDD4-4E3F-83F9-C105A7EE7598,2530,1015,0,2019,2019,
55078,FF230430-EDD4-4E3F-83F9-C105A7EE7598,6513,2056,0,IMG_0074.JPG,img_0074.jpg,
64234,B03FB29E-EB36-434D-91D2-C6A2C625A252,161,2055,0,Favorites,favorites,
64235,B03FB29E-EB36-434D-91D2-C6A2C625A252,1373,2053,0,Portrait,portrait,
64236,B03FB29E-EB36-434D-91D2-C6A2C625A252,340,2024,0,Clothing,clothing,
64237,B03FB29E-EB36-434D-91D2-C6A2C625A252,377,2024,0,Eyeglasses,eyeglasses,
64238,B03FB29E-EB36-434D-91D2-C6A2C625A252,376,2024,0,Optical Equipment,optical equipment,
64239,B03FB29E-EB36-434D-91D2-C6A2C625A252,286,2024,0,People,people,
64240,B03FB29E-EB36-434D-91D2-C6A2C625A252,347,2024,0,Adult,adult,
64241,B03FB29E-EB36-434D-91D2-C6A2C625A252,2960,2030,0,Fall,fall,
64242,B03FB29E-EB36-434D-91D2-C6A2C625A252,4131,1014,0,September,september,
64243,B03FB29E-EB36-434D-91D2-C6A2C625A252,2530,1015,0,2019,2019,
64244,B03FB29E-EB36-434D-91D2-C6A2C625A252,193,2021,0,Simon Willison,simon willison,000B9B44-5E9D-4D2F-81E3-4FDFEA05ADC8
64245,B03FB29E-EB36-434D-91D2-C6A2C625A252,7355,2056,0,IMG_0007.HEIC,img_0007.heic,
64246,B03FB29E-EB36-434D-91D2-C6A2C625A252,7,12,0,United States,united states,
64247,B03FB29E-EB36-434D-91D2-C6A2C625A252,8,10,7,California,california,
64248,B03FB29E-EB36-434D-91D2-C6A2C625A252,9,7,0,San Francisco,san francisco,
64249,B03FB29E-EB36-434D-91D2-C6A2C625A252,10,5,0,San Francisco,san francisco,
64250,B03FB29E-EB36-434D-91D2-C6A2C625A252,2160,3,10,Castro,castro,
64251,B03FB29E-EB36-434D-91D2-C6A2C625A252,4469,2,0,21st St,21st st,
65763,159FCAD3-7088-4AEB-929A-7BCDFF4A628A,161,2055,0,Favorites,favorites,
65764,159FCAD3-7088-4AEB-929A-7BCDFF4A628A,2314,2051,0,Animated,animated,
65765,159FCAD3-7088-4AEB-929A-7BCDFF4A628A,2,2046,0,Live Photos,live photos,
65766,159FCAD3-7088-4AEB-929A-7BCDFF4A628A,348,2024,0,Window,window,
65767,159FCAD3-7088-4AEB-929A-7BCDFF4A628A,2960,2030,0,Fall,fall,
65768,159FCAD3-7088-4AEB-929A-7BCDFF4A628A,4131,1014,0,September,september,
65769,159FCAD3-7088-4AEB-929A-7BCDFF4A628A,2530,1015,0,2019,2019,
65770,159FCAD3-7088-4AEB-929A-7BCDFF4A628A,7501,2056,0,IMG_7336.HEIC,img_7336.heic,
65771,159FCAD3-7088-4AEB-929A-7BCDFF4A628A,7,12,0,United States,united states,
65772,159FCAD3-7088-4AEB-929A-7BCDFF4A628A,8,10,7,California,california,
65773,159FCAD3-7088-4AEB-929A-7BCDFF4A628A,960,7,0,San Mateo,san mateo,
65774,159FCAD3-7088-4AEB-929A-7BCDFF4A628A,961,5,960,Menlo Park,menlo park,
65775,159FCAD3-7088-4AEB-929A-7BCDFF4A628A,962,3,961,Downtown Menlo Park,downtown menlo park,
65776,159FCAD3-7088-4AEB-929A-7BCDFF4A628A,1642,2,962,Santa Cruz Ave,santa cruz ave,
66632,5C91B5A8-1A4C-4406-B5E6-11883EFC714E,161,2055,0,Favorites,favorites,
66633,5C91B5A8-1A4C-4406-B5E6-11883EFC714E,2,2046,0,Live Photos,live photos,
66634,5C91B5A8-1A4C-4406-B5E6-11883EFC714E,2960,2030,0,Fall,fall,
66635,5C91B5A8-1A4C-4406-B5E6-11883EFC714E,4131,1014,0,September,september,
66636,5C91B5A8-1A4C-4406-B5E6-11883EFC714E,2530,1015,0,2019,2019,
66637,5C91B5A8-1A4C-4406-B5E6-11883EFC714E,7572,2056,0,IMG_7333.HEIC,img_7333.heic,
66638,5C91B5A8-1A4C-4406-B5E6-11883EFC714E,7,12,0,United States,united states,
66639,5C91B5A8-1A4C-4406-B5E6-11883EFC714E,8,10,7,California,california,
66640,5C91B5A8-1A4C-4406-B5E6-11883EFC714E,960,7,0,San Mateo,san mateo,
66641,5C91B5A8-1A4C-4406-B5E6-11883EFC714E,961,5,960,Menlo Park,menlo park,
66642,5C91B5A8-1A4C-4406-B5E6-11883EFC714E,962,3,961,Downtown Menlo Park,downtown menlo park,
66643,5C91B5A8-1A4C-4406-B5E6-11883EFC714E,1642,2,962,Santa Cruz Ave,santa cruz ave,
145737,37E1743F-21C1-4EBF-A118-9AE8EDDF91D1,2,2046,0,Live Photos,live photos,
145738,37E1743F-21C1-4EBF-A118-9AE8EDDF91D1,306,2024,0,Path,path,
145739,37E1743F-21C1-4EBF-A118-9AE8EDDF91D1,317,2024,0,Blue Sky,blue sky,
145740,37E1743F-21C1-4EBF-A118-9AE8EDDF91D1,348,2024,0,Window,window,
145741,37E1743F-21C1-4EBF-A118-9AE8EDDF91D1,316,2024,0,Sky,sky,
145742,37E1743F-21C1-4EBF-A118-9AE8EDDF91D1,296,2024,0,Outdoor,outdoor,
145743,37E1743F-21C1-4EBF-A118-9AE8EDDF91D1,295,2024,0,Land,land,
145744,37E1743F-21C1-4EBF-A118-9AE8EDDF91D1,300,2024,0,Road,road,
145745,37E1743F-21C1-4EBF-A118-9AE8EDDF91D1,7206,2024,0,Scooter,scooter,
145746,37E1743F-21C1-4EBF-A118-9AE8EDDF91D1,303,2024,0,Machine,machine,
145747,37E1743F-21C1-4EBF-A118-9AE8EDDF91D1,304,2024,0,Vehicle,vehicle,
145748,37E1743F-21C1-4EBF-A118-9AE8EDDF91D1,305,2024,0,Automobile,automobile,
145749,37E1743F-21C1-4EBF-A118-9AE8EDDF91D1,299,2024,0,Car,car,
145750,37E1743F-21C1-4EBF-A118-9AE8EDDF91D1,4850,2030,0,Summer,summer,
145751,37E1743F-21C1-4EBF-A118-9AE8EDDF91D1,5934,1014,0,June,june,
145752,37E1743F-21C1-4EBF-A118-9AE8EDDF91D1,2530,1015,0,2019,2019,
145753,37E1743F-21C1-4EBF-A118-9AE8EDDF91D1,69,2056,0,IMG_4324.HEIC,img_4324.heic,
145754,37E1743F-21C1-4EBF-A118-9AE8EDDF91D1,7,12,0,United States,united states,
145755,37E1743F-21C1-4EBF-A118-9AE8EDDF91D1,8,10,7,California,california,
145756,37E1743F-21C1-4EBF-A118-9AE8EDDF91D1,9,7,0,San Francisco,san francisco,
145757,37E1743F-21C1-4EBF-A118-9AE8EDDF91D1,10,5,0,San Francisco,san francisco,
145758,37E1743F-21C1-4EBF-A118-9AE8EDDF91D1,320,3,0,SOMA,soma,
145759,37E1743F-21C1-4EBF-A118-9AE8EDDF91D1,15293,2,320,Clementina St,clementina st,
151888,2BE0CB22-929B-463E-B20C-83A518787BB4,312,2024,0,Animal,animal,
151889,2BE0CB22-929B-463E-B20C-83A518787BB4,313,2024,0,Mammal,mammal,
151890,2BE0CB22-929B-463E-B20C-83A518787BB4,314,2024,0,Canine,canine,
151891,2BE0CB22-929B-463E-B20C-83A518787BB4,310,2024,0,Dog,dog,
151892,2BE0CB22-929B-463E-B20C-83A518787BB4,13641,2024,0,Corgi,corgi,
151893,2BE0CB22-929B-463E-B20C-83A518787BB4,3,2030,0,Spring,spring,
151894,2BE0CB22-929B-463E-B20C-83A518787BB4,6230,1014,0,May,may,
151895,2BE0CB22-929B-463E-B20C-83A518787BB4,2530,1015,0,2019,2019,
151896,2BE0CB22-929B-463E-B20C-83A518787BB4,1259,2056,0,IMG_4038.HEIC,img_4038.heic,
151897,2BE0CB22-929B-463E-B20C-83A518787BB4,7,12,0,United States,united states,
151898,2BE0CB22-929B-463E-B20C-83A518787BB4,8,10,7,California,california,
151899,2BE0CB22-929B-463E-B20C-83A518787BB4,9,7,0,San Francisco,san francisco,
151900,2BE0CB22-929B-463E-B20C-83A518787BB4,10,5,0,San Francisco,san francisco,
151901,2BE0CB22-929B-463E-B20C-83A518787BB4,11,3,10,Hayes Valley,hayes valley,
151902,2BE0CB22-929B-463E-B20C-83A518787BB4,107,2,0,Hayes St,hayes st,
154667,39333D7D-3020-4A1B-970D-44F2DD6D5C52,311,2024,0,Grass,grass,
154668,39333D7D-3020-4A1B-970D-44F2DD6D5C52,1782,2024,0,Road Other,road other,
154669,39333D7D-3020-4A1B-970D-44F2DD6D5C52,13641,2024,0,Corgi,corgi,
154670,39333D7D-3020-4A1B-970D-44F2DD6D5C52,314,2024,0,Canine,canine,
154671,39333D7D-3020-4A1B-970D-44F2DD6D5C52,310,2024,0,Dog,dog,
154672,39333D7D-3020-4A1B-970D-44F2DD6D5C52,411,2024,0,Cord,cord,
154673,39333D7D-3020-4A1B-970D-44F2DD6D5C52,408,2024,0,Leash,leash,
154674,39333D7D-3020-4A1B-970D-44F2DD6D5C52,312,2024,0,Animal,animal,
154675,39333D7D-3020-4A1B-970D-44F2DD6D5C52,313,2024,0,Mammal,mammal,
154676,39333D7D-3020-4A1B-970D-44F2DD6D5C52,300,2024,0,Road,road,
154677,39333D7D-3020-4A1B-970D-44F2DD6D5C52,296,2024,0,Outdoor,outdoor,
154678,39333D7D-3020-4A1B-970D-44F2DD6D5C52,295,2024,0,Land,land,
154679,39333D7D-3020-4A1B-970D-44F2DD6D5C52,3,2030,0,Spring,spring,
154680,39333D7D-3020-4A1B-970D-44F2DD6D5C52,6230,1014,0,May,may,
154681,39333D7D-3020-4A1B-970D-44F2DD6D5C52,2530,1015,0,2019,2019,
154682,39333D7D-3020-4A1B-970D-44F2DD6D5C52,15859,2056,0,IMG_5990.JPG,img_5990.jpg,
172638,6D5FD270-8DB3-46AE-8B1E-99C575B2885C,312,2024,0,Animal,animal,
172639,6D5FD270-8DB3-46AE-8B1E-99C575B2885C,313,2024,0,Mammal,mammal,
172640,6D5FD270-8DB3-46AE-8B1E-99C575B2885C,314,2024,0,Canine,canine,
172641,6D5FD270-8DB3-46AE-8B1E-99C575B2885C,310,2024,0,Dog,dog,
172642,6D5FD270-8DB3-46AE-8B1E-99C575B2885C,13641,2024,0,Corgi,corgi,
172643,6D5FD270-8DB3-46AE-8B1E-99C575B2885C,3,2030,0,Spring,spring,
172644,6D5FD270-8DB3-46AE-8B1E-99C575B2885C,188,1014,0,March,march,
172645,6D5FD270-8DB3-46AE-8B1E-99C575B2885C,2530,1015,0,2019,2019,
172646,6D5FD270-8DB3-46AE-8B1E-99C575B2885C,17194,2056,0,IMG_5130.JPG,img_5130.jpg,
210452,40C65283-9CB3-4FAE-A390-4FDC22BCC29F,2,2046,0,Live Photos,live photos,
210453,40C65283-9CB3-4FAE-A390-4FDC22BCC29F,420,2024,0,Foliage,foliage,
210454,40C65283-9CB3-4FAE-A390-4FDC22BCC29F,295,2024,0,Land,land,
210455,40C65283-9CB3-4FAE-A390-4FDC22BCC29F,296,2024,0,Outdoor,outdoor,
210456,40C65283-9CB3-4FAE-A390-4FDC22BCC29F,397,2024,0,Plant,plant,
210457,40C65283-9CB3-4FAE-A390-4FDC22BCC29F,396,2024,0,Shrub,shrub,
210458,40C65283-9CB3-4FAE-A390-4FDC22BCC29F,2960,2030,0,Fall,fall,
210459,40C65283-9CB3-4FAE-A390-4FDC22BCC29F,2961,1014,0,November,november,
210460,40C65283-9CB3-4FAE-A390-4FDC22BCC29F,8073,1015,0,2018,2018,
210461,40C65283-9CB3-4FAE-A390-4FDC22BCC29F,1188,2056,0,IMG_4085.HEIC,img_4085.heic,
210462,40C65283-9CB3-4FAE-A390-4FDC22BCC29F,7,12,0,United States,united states,
210463,40C65283-9CB3-4FAE-A390-4FDC22BCC29F,8,10,7,California,california,
210464,40C65283-9CB3-4FAE-A390-4FDC22BCC29F,9,7,0,San Francisco,san francisco,
210465,40C65283-9CB3-4FAE-A390-4FDC22BCC29F,10,5,0,San Francisco,san francisco,
210466,40C65283-9CB3-4FAE-A390-4FDC22BCC29F,8719,2,0,9th Ave,9th ave,
210467,40C65283-9CB3-4FAE-A390-4FDC22BCC29F,8720,1,0,San Francisco Botanical Garden,san francisco botanical garden,
210468,40C65283-9CB3-4FAE-A390-4FDC22BCC29F,1025,1,0,Golden Gate Park,golden gate park,
212498,C0BEA1F5-AAA4-4BCD-A9B0-1E4A91218800,2,2046,0,Live Photos,live photos,
212499,C0BEA1F5-AAA4-4BCD-A9B0-1E4A91218800,316,2024,0,Sky,sky,
212500,C0BEA1F5-AAA4-4BCD-A9B0-1E4A91218800,524,2024,0,Agriculture,agriculture,
212501,C0BEA1F5-AAA4-4BCD-A9B0-1E4A91218800,525,2024,0,Garden,garden,
212502,C0BEA1F5-AAA4-4BCD-A9B0-1E4A91218800,296,2024,0,Outdoor,outdoor,
212503,C0BEA1F5-AAA4-4BCD-A9B0-1E4A91218800,397,2024,0,Plant,plant,
212504,C0BEA1F5-AAA4-4BCD-A9B0-1E4A91218800,2960,2030,0,Fall,fall,
212505,C0BEA1F5-AAA4-4BCD-A9B0-1E4A91218800,2961,1014,0,November,november,
212506,C0BEA1F5-AAA4-4BCD-A9B0-1E4A91218800,8073,1015,0,2018,2018,
212507,C0BEA1F5-AAA4-4BCD-A9B0-1E4A91218800,1416,2056,0,IMG_4087.HEIC,img_4087.heic,
212508,C0BEA1F5-AAA4-4BCD-A9B0-1E4A91218800,7,12,0,United States,united states,
212509,C0BEA1F5-AAA4-4BCD-A9B0-1E4A91218800,8,10,7,California,california,
212510,C0BEA1F5-AAA4-4BCD-A9B0-1E4A91218800,9,7,0,San Francisco,san francisco,
212511,C0BEA1F5-AAA4-4BCD-A9B0-1E4A91218800,10,5,0,San Francisco,san francisco,
212512,C0BEA1F5-AAA4-4BCD-A9B0-1E4A91218800,8719,2,0,9th Ave,9th ave,
212513,C0BEA1F5-AAA4-4BCD-A9B0-1E4A91218800,8720,1,0,San Francisco Botanical Garden,san francisco botanical garden,
212514,C0BEA1F5-AAA4-4BCD-A9B0-1E4A91218800,1025,1,0,Golden Gate Park,golden gate park,
318010,01FA701A-92D3-4818-934F-50FA0562366C,2,2046,0,Live Photos,live photos,
318011,01FA701A-92D3-4818-934F-50FA0562366C,337,2024,0,Painting,painting,
318012,01FA701A-92D3-4818-934F-50FA0562366C,286,2024,0,People,people,
318013,01FA701A-92D3-4818-934F-50FA0562366C,347,2024,0,Adult,adult,
318014,01FA701A-92D3-4818-934F-50FA0562366C,338,2024,0,Art,art,
318015,01FA701A-92D3-4818-934F-50FA0562366C,472,2024,0,Frame,frame,
318016,01FA701A-92D3-4818-934F-50FA0562366C,3,2030,0,Spring,spring,
318017,01FA701A-92D3-4818-934F-50FA0562366C,4,1014,0,April,april,
318018,01FA701A-92D3-4818-934F-50FA0562366C,8073,1015,0,2018,2018,
318019,01FA701A-92D3-4818-934F-50FA0562366C,15593,2056,0,IMG_4223.HEIC,img_4223.heic,
318020,01FA701A-92D3-4818-934F-50FA0562366C,7,12,0,United States,united states,
318021,01FA701A-92D3-4818-934F-50FA0562366C,8,10,7,California,california,
318022,01FA701A-92D3-4818-934F-50FA0562366C,960,7,0,San Mateo,san mateo,
318023,01FA701A-92D3-4818-934F-50FA0562366C,11311,5,960,Burlingame,burlingame,
318024,01FA701A-92D3-4818-934F-50FA0562366C,11312,3,11311,Downtown Burlingame,downtown burlingame,
318025,01FA701A-92D3-4818-934F-50FA0562366C,11313,2,11312,California Dr,california dr,
318196,0EC5864B-16CC-4B6C-B890-330ADF4998BD,2,2046,0,Live Photos,live photos,
318197,0EC5864B-16CC-4B6C-B890-330ADF4998BD,280,2024,0,Document,document,
318198,0EC5864B-16CC-4B6C-B890-330ADF4998BD,3152,2024,0,Newspaper,newspaper,
318199,0EC5864B-16CC-4B6C-B890-330ADF4998BD,3,2030,0,Spring,spring,
318200,0EC5864B-16CC-4B6C-B890-330ADF4998BD,4,1014,0,April,april,
318201,0EC5864B-16CC-4B6C-B890-330ADF4998BD,8073,1015,0,2018,2018,
318202,0EC5864B-16CC-4B6C-B890-330ADF4998BD,15576,2056,0,IMG_4222.HEIC,img_4222.heic,
318203,0EC5864B-16CC-4B6C-B890-330ADF4998BD,7,12,0,United States,united states,
318204,0EC5864B-16CC-4B6C-B890-330ADF4998BD,8,10,7,California,california,
318205,0EC5864B-16CC-4B6C-B890-330ADF4998BD,960,7,0,San Mateo,san mateo,
318206,0EC5864B-16CC-4B6C-B890-330ADF4998BD,11311,5,960,Burlingame,burlingame,
318207,0EC5864B-16CC-4B6C-B890-330ADF4998BD,11312,3,11311,Downtown Burlingame,downtown burlingame,
318208,0EC5864B-16CC-4B6C-B890-330ADF4998BD,11313,2,11312,California Dr,california dr,
318238,11842992-CE7D-4301-9925-A29B440C9C0E,2,2046,0,Live Photos,live photos,
318239,11842992-CE7D-4301-9925-A29B440C9C0E,515,2024,0,Statue,statue,
318240,11842992-CE7D-4301-9925-A29B440C9C0E,347,2024,0,Adult,adult,
318241,11842992-CE7D-4301-9925-A29B440C9C0E,286,2024,0,People,people,
318242,11842992-CE7D-4301-9925-A29B440C9C0E,338,2024,0,Art,art,
318243,11842992-CE7D-4301-9925-A29B440C9C0E,340,2024,0,Clothing,clothing,
318244,11842992-CE7D-4301-9925-A29B440C9C0E,3,2030,0,Spring,spring,
318245,11842992-CE7D-4301-9925-A29B440C9C0E,4,1014,0,April,april,
318246,11842992-CE7D-4301-9925-A29B440C9C0E,8073,1015,0,2018,2018,
318247,11842992-CE7D-4301-9925-A29B440C9C0E,558,2056,0,IMG_4235.HEIC,img_4235.heic,
318248,11842992-CE7D-4301-9925-A29B440C9C0E,7,12,0,United States,united states,
318249,11842992-CE7D-4301-9925-A29B440C9C0E,8,10,7,California,california,
318250,11842992-CE7D-4301-9925-A29B440C9C0E,960,7,0,San Mateo,san mateo,
318251,11842992-CE7D-4301-9925-A29B440C9C0E,11311,5,960,Burlingame,burlingame,
318252,11842992-CE7D-4301-9925-A29B440C9C0E,11312,3,11311,Downtown Burlingame,downtown burlingame,
318253,11842992-CE7D-4301-9925-A29B440C9C0E,11313,2,11312,California Dr,california dr,
318261,12AB4E54-7810-428D-A275-7CB631F2E33A,2,2046,0,Live Photos,live photos,
318262,12AB4E54-7810-428D-A275-7CB631F2E33A,3,2030,0,Spring,spring,
318263,12AB4E54-7810-428D-A275-7CB631F2E33A,4,1014,0,April,april,
318264,12AB4E54-7810-428D-A275-7CB631F2E33A,8073,1015,0,2018,2018,
318265,12AB4E54-7810-428D-A275-7CB631F2E33A,532,2056,0,IMG_4248.HEIC,img_4248.heic,
318266,12AB4E54-7810-428D-A275-7CB631F2E33A,7,12,0,United States,united states,
318267,12AB4E54-7810-428D-A275-7CB631F2E33A,8,10,7,California,california,
318268,12AB4E54-7810-428D-A275-7CB631F2E33A,960,7,0,San Mateo,san mateo,
318269,12AB4E54-7810-428D-A275-7CB631F2E33A,11311,5,960,Burlingame,burlingame,
318270,12AB4E54-7810-428D-A275-7CB631F2E33A,11312,3,11311,Downtown Burlingame,downtown burlingame,
318271,12AB4E54-7810-428D-A275-7CB631F2E33A,11313,2,11312,California Dr,california dr,
318449,2072695E-48EC-4C6E-9AFE-61F6590F67D5,2,2046,0,Live Photos,live photos,
318450,2072695E-48EC-4C6E-9AFE-61F6590F67D5,350,2024,0,Interior Room,interior room,
318451,2072695E-48EC-4C6E-9AFE-61F6590F67D5,280,2024,0,Document,document,
318452,2072695E-48EC-4C6E-9AFE-61F6590F67D5,3,2030,0,Spring,spring,
318453,2072695E-48EC-4C6E-9AFE-61F6590F67D5,4,1014,0,April,april,
318454,2072695E-48EC-4C6E-9AFE-61F6590F67D5,8073,1015,0,2018,2018,
318455,2072695E-48EC-4C6E-9AFE-61F6590F67D5,15543,2056,0,IMG_4231.HEIC,img_4231.heic,
318456,2072695E-48EC-4C6E-9AFE-61F6590F67D5,7,12,0,United States,united states,
318457,2072695E-48EC-4C6E-9AFE-61F6590F67D5,8,10,7,California,california,
318458,2072695E-48EC-4C6E-9AFE-61F6590F67D5,960,7,0,San Mateo,san mateo,
318459,2072695E-48EC-4C6E-9AFE-61F6590F67D5,11311,5,960,Burlingame,burlingame,
318460,2072695E-48EC-4C6E-9AFE-61F6590F67D5,11312,3,11311,Downtown Burlingame,downtown burlingame,
318461,2072695E-48EC-4C6E-9AFE-61F6590F67D5,11313,2,11312,California Dr,california dr,
318506,277756C5-6924-4E30-877D-CD2CE30630FD,2,2046,0,Live Photos,live photos,
318507,277756C5-6924-4E30-877D-CD2CE30630FD,3,2030,0,Spring,spring,
318508,277756C5-6924-4E30-877D-CD2CE30630FD,4,1014,0,April,april,
318509,277756C5-6924-4E30-877D-CD2CE30630FD,8073,1015,0,2018,2018,
318510,277756C5-6924-4E30-877D-CD2CE30630FD,520,2056,0,IMG_4244.HEIC,img_4244.heic,
318511,277756C5-6924-4E30-877D-CD2CE30630FD,7,12,0,United States,united states,
318512,277756C5-6924-4E30-877D-CD2CE30630FD,8,10,7,California,california,
318513,277756C5-6924-4E30-877D-CD2CE30630FD,960,7,0,San Mateo,san mateo,
318514,277756C5-6924-4E30-877D-CD2CE30630FD,11311,5,960,Burlingame,burlingame,
318515,277756C5-6924-4E30-877D-CD2CE30630FD,11312,3,11311,Downtown Burlingame,downtown burlingame,
318516,277756C5-6924-4E30-877D-CD2CE30630FD,11313,2,11312,California Dr,california dr,
318606,2B9169E5-91EE-4E3C-8B1D-DAFF93D38079,2,2046,0,Live Photos,live photos,
318607,2B9169E5-91EE-4E3C-8B1D-DAFF93D38079,3,2030,0,Spring,spring,
318608,2B9169E5-91EE-4E3C-8B1D-DAFF93D38079,4,1014,0,April,april,
318609,2B9169E5-91EE-4E3C-8B1D-DAFF93D38079,8073,1015,0,2018,2018,
318610,2B9169E5-91EE-4E3C-8B1D-DAFF93D38079,367,2056,0,IMG_4246.HEIC,img_4246.heic,
318611,2B9169E5-91EE-4E3C-8B1D-DAFF93D38079,7,12,0,United States,united states,
318612,2B9169E5-91EE-4E3C-8B1D-DAFF93D38079,8,10,7,California,california,
318613,2B9169E5-91EE-4E3C-8B1D-DAFF93D38079,960,7,0,San Mateo,san mateo,
318614,2B9169E5-91EE-4E3C-8B1D-DAFF93D38079,11311,5,960,Burlingame,burlingame,
318615,2B9169E5-91EE-4E3C-8B1D-DAFF93D38079,11312,3,11311,Downtown Burlingame,downtown burlingame,
318616,2B9169E5-91EE-4E3C-8B1D-DAFF93D38079,11313,2,11312,California Dr,california dr,
318683,2FBB5984-3AAC-4565-9233-9B05EF887714,2,2046,0,Live Photos,live photos,
318684,2FBB5984-3AAC-4565-9233-9B05EF887714,3,2030,0,Spring,spring,
318685,2FBB5984-3AAC-4565-9233-9B05EF887714,4,1014,0,April,april,
318686,2FBB5984-3AAC-4565-9233-9B05EF887714,8073,1015,0,2018,2018,
318687,2FBB5984-3AAC-4565-9233-9B05EF887714,15604,2056,0,IMG_4227.HEIC,img_4227.heic,
318688,2FBB5984-3AAC-4565-9233-9B05EF887714,7,12,0,United States,united states,
318689,2FBB5984-3AAC-4565-9233-9B05EF887714,8,10,7,California,california,
318690,2FBB5984-3AAC-4565-9233-9B05EF887714,960,7,0,San Mateo,san mateo,
318691,2FBB5984-3AAC-4565-9233-9B05EF887714,11311,5,960,Burlingame,burlingame,
318692,2FBB5984-3AAC-4565-9233-9B05EF887714,11312,3,11311,Downtown Burlingame,downtown burlingame,
318693,2FBB5984-3AAC-4565-9233-9B05EF887714,11313,2,11312,California Dr,california dr,
318804,3CEC2620-AD7D-45EC-A746-FDCADB335D44,2,2046,0,Live Photos,live photos,
318805,3CEC2620-AD7D-45EC-A746-FDCADB335D44,1289,2024,0,Sign,sign,
318806,3CEC2620-AD7D-45EC-A746-FDCADB335D44,283,2024,0,Printed Page,printed page,
318807,3CEC2620-AD7D-45EC-A746-FDCADB335D44,3152,2024,0,Newspaper,newspaper,
318808,3CEC2620-AD7D-45EC-A746-FDCADB335D44,280,2024,0,Document,document,
318809,3CEC2620-AD7D-45EC-A746-FDCADB335D44,286,2024,0,People,people,
318810,3CEC2620-AD7D-45EC-A746-FDCADB335D44,347,2024,0,Adult,adult,
318811,3CEC2620-AD7D-45EC-A746-FDCADB335D44,3,2030,0,Spring,spring,
318812,3CEC2620-AD7D-45EC-A746-FDCADB335D44,4,1014,0,April,april,
318813,3CEC2620-AD7D-45EC-A746-FDCADB335D44,8073,1015,0,2018,2018,
318814,3CEC2620-AD7D-45EC-A746-FDCADB335D44,15537,2056,0,IMG_4243.HEIC,img_4243.heic,
318815,3CEC2620-AD7D-45EC-A746-FDCADB335D44,7,12,0,United States,united states,
318816,3CEC2620-AD7D-45EC-A746-FDCADB335D44,8,10,7,California,california,
318817,3CEC2620-AD7D-45EC-A746-FDCADB335D44,960,7,0,San Mateo,san mateo,
318818,3CEC2620-AD7D-45EC-A746-FDCADB335D44,11311,5,960,Burlingame,burlingame,
318819,3CEC2620-AD7D-45EC-A746-FDCADB335D44,11312,3,11311,Downtown Burlingame,downtown burlingame,
318820,3CEC2620-AD7D-45EC-A746-FDCADB335D44,11313,2,11312,California Dr,california dr,
319087,545CBF13-E5F7-4578-91E5-9CA7B023C4C5,2,2046,0,Live Photos,live photos,
319088,545CBF13-E5F7-4578-91E5-9CA7B023C4C5,280,2024,0,Document,document,
319089,545CBF13-E5F7-4578-91E5-9CA7B023C4C5,463,2024,0,Book,book,
319090,545CBF13-E5F7-4578-91E5-9CA7B023C4C5,3,2030,0,Spring,spring,
319091,545CBF13-E5F7-4578-91E5-9CA7B023C4C5,4,1014,0,April,april,
319092,545CBF13-E5F7-4578-91E5-9CA7B023C4C5,8073,1015,0,2018,2018,
319093,545CBF13-E5F7-4578-91E5-9CA7B023C4C5,23019,2056,0,IMG_4219.HEIC,img_4219.heic,
319094,545CBF13-E5F7-4578-91E5-9CA7B023C4C5,7,12,0,United States,united states,
319095,545CBF13-E5F7-4578-91E5-9CA7B023C4C5,8,10,7,California,california,
319096,545CBF13-E5F7-4578-91E5-9CA7B023C4C5,960,7,0,San Mateo,san mateo,
319097,545CBF13-E5F7-4578-91E5-9CA7B023C4C5,11311,5,960,Burlingame,burlingame,
319098,545CBF13-E5F7-4578-91E5-9CA7B023C4C5,11312,3,11311,Downtown Burlingame,downtown burlingame,
319099,545CBF13-E5F7-4578-91E5-9CA7B023C4C5,11313,2,11312,California Dr,california dr,
319185,59FDAA51-7EF2-4D97-A110-7A42FA8AC018,2,2046,0,Live Photos,live photos,
319186,59FDAA51-7EF2-4D97-A110-7A42FA8AC018,3,2030,0,Spring,spring,
319187,59FDAA51-7EF2-4D97-A110-7A42FA8AC018,4,1014,0,April,april,
319188,59FDAA51-7EF2-4D97-A110-7A42FA8AC018,8073,1015,0,2018,2018,
319189,59FDAA51-7EF2-4D97-A110-7A42FA8AC018,450,2056,0,IMG_4247.HEIC,img_4247.heic,
319190,59FDAA51-7EF2-4D97-A110-7A42FA8AC018,7,12,0,United States,united states,
319191,59FDAA51-7EF2-4D97-A110-7A42FA8AC018,8,10,7,California,california,
319192,59FDAA51-7EF2-4D97-A110-7A42FA8AC018,960,7,0,San Mateo,san mateo,
319193,59FDAA51-7EF2-4D97-A110-7A42FA8AC018,11311,5,960,Burlingame,burlingame,
319194,59FDAA51-7EF2-4D97-A110-7A42FA8AC018,11312,3,11311,Downtown Burlingame,downtown burlingame,
319195,59FDAA51-7EF2-4D97-A110-7A42FA8AC018,11313,2,11312,California Dr,california dr,
319196,5A10AEF0-50DA-41BE-80F2-79E3367C343E,2,2046,0,Live Photos,live photos,
319197,5A10AEF0-50DA-41BE-80F2-79E3367C343E,286,2024,0,People,people,
319198,5A10AEF0-50DA-41BE-80F2-79E3367C343E,1290,2024,0,Banner,banner,
319199,5A10AEF0-50DA-41BE-80F2-79E3367C343E,1289,2024,0,Sign,sign,
319200,5A10AEF0-50DA-41BE-80F2-79E3367C343E,3,2030,0,Spring,spring,
319201,5A10AEF0-50DA-41BE-80F2-79E3367C343E,4,1014,0,April,april,
319202,5A10AEF0-50DA-41BE-80F2-79E3367C343E,8073,1015,0,2018,2018,
319203,5A10AEF0-50DA-41BE-80F2-79E3367C343E,471,2056,0,IMG_4216.HEIC,img_4216.heic,
319204,5A10AEF0-50DA-41BE-80F2-79E3367C343E,7,12,0,United States,united states,
319205,5A10AEF0-50DA-41BE-80F2-79E3367C343E,8,10,7,California,california,
319206,5A10AEF0-50DA-41BE-80F2-79E3367C343E,960,7,0,San Mateo,san mateo,
319207,5A10AEF0-50DA-41BE-80F2-79E3367C343E,11311,5,960,Burlingame,burlingame,
319208,5A10AEF0-50DA-41BE-80F2-79E3367C343E,11312,3,11311,Downtown Burlingame,downtown burlingame,
319209,5A10AEF0-50DA-41BE-80F2-79E3367C343E,11313,2,11312,California Dr,california dr,
319288,61A142C7-A526-4AE1-A1B5-C6FB3CE73EBC,2,2046,0,Live Photos,live photos,
319289,61A142C7-A526-4AE1-A1B5-C6FB3CE73EBC,472,2024,0,Frame,frame,
319290,61A142C7-A526-4AE1-A1B5-C6FB3CE73EBC,337,2024,0,Painting,painting,
319291,61A142C7-A526-4AE1-A1B5-C6FB3CE73EBC,1289,2024,0,Sign,sign,
319292,61A142C7-A526-4AE1-A1B5-C6FB3CE73EBC,338,2024,0,Art,art,
319293,61A142C7-A526-4AE1-A1B5-C6FB3CE73EBC,286,2024,0,People,people,
319294,61A142C7-A526-4AE1-A1B5-C6FB3CE73EBC,3,2030,0,Spring,spring,
319295,61A142C7-A526-4AE1-A1B5-C6FB3CE73EBC,4,1014,0,April,april,
319296,61A142C7-A526-4AE1-A1B5-C6FB3CE73EBC,8073,1015,0,2018,2018,
319297,61A142C7-A526-4AE1-A1B5-C6FB3CE73EBC,469,2056,0,IMG_4215.HEIC,img_4215.heic,
319298,61A142C7-A526-4AE1-A1B5-C6FB3CE73EBC,7,12,0,United States,united states,
319299,61A142C7-A526-4AE1-A1B5-C6FB3CE73EBC,8,10,7,California,california,
319300,61A142C7-A526-4AE1-A1B5-C6FB3CE73EBC,960,7,0,San Mateo,san mateo,
319301,61A142C7-A526-4AE1-A1B5-C6FB3CE73EBC,11311,5,960,Burlingame,burlingame,
319302,61A142C7-A526-4AE1-A1B5-C6FB3CE73EBC,11312,3,11311,Downtown Burlingame,downtown burlingame,
319303,61A142C7-A526-4AE1-A1B5-C6FB3CE73EBC,11313,2,11312,California Dr,california dr,
319325,625815AF-B061-4180-BFC5-CAC29E4C6C00,2,2046,0,Live Photos,live photos,
319326,625815AF-B061-4180-BFC5-CAC29E4C6C00,323,2024,0,Consumer Electronics,consumer electronics,
319327,625815AF-B061-4180-BFC5-CAC29E4C6C00,359,2024,0,Computer,computer,
319328,625815AF-B061-4180-BFC5-CAC29E4C6C00,303,2024,0,Machine,machine,
319329,625815AF-B061-4180-BFC5-CAC29E4C6C00,3,2030,0,Spring,spring,
319330,625815AF-B061-4180-BFC5-CAC29E4C6C00,4,1014,0,April,april,
319331,625815AF-B061-4180-BFC5-CAC29E4C6C00,8073,1015,0,2018,2018,
319332,625815AF-B061-4180-BFC5-CAC29E4C6C00,15518,2056,0,IMG_4229.HEIC,img_4229.heic,
319333,625815AF-B061-4180-BFC5-CAC29E4C6C00,7,12,0,United States,united states,
319334,625815AF-B061-4180-BFC5-CAC29E4C6C00,8,10,7,California,california,
319335,625815AF-B061-4180-BFC5-CAC29E4C6C00,960,7,0,San Mateo,san mateo,
319336,625815AF-B061-4180-BFC5-CAC29E4C6C00,11311,5,960,Burlingame,burlingame,
319337,625815AF-B061-4180-BFC5-CAC29E4C6C00,11312,3,11311,Downtown Burlingame,downtown burlingame,
319338,625815AF-B061-4180-BFC5-CAC29E4C6C00,11313,2,11312,California Dr,california dr,
319357,63D46A8E-CB33-48E1-A6A6-662AF9AD922D,2,2046,0,Live Photos,live photos,
319358,63D46A8E-CB33-48E1-A6A6-662AF9AD922D,347,2024,0,Adult,adult,
319359,63D46A8E-CB33-48E1-A6A6-662AF9AD922D,340,2024,0,Clothing,clothing,
319360,63D46A8E-CB33-48E1-A6A6-662AF9AD922D,286,2024,0,People,people,
319361,63D46A8E-CB33-48E1-A6A6-662AF9AD922D,338,2024,0,Art,art,
319362,63D46A8E-CB33-48E1-A6A6-662AF9AD922D,3,2030,0,Spring,spring,
319363,63D46A8E-CB33-48E1-A6A6-662AF9AD922D,4,1014,0,April,april,
319364,63D46A8E-CB33-48E1-A6A6-662AF9AD922D,8073,1015,0,2018,2018,
319365,63D46A8E-CB33-48E1-A6A6-662AF9AD922D,15513,2056,0,IMG_4224.HEIC,img_4224.heic,
319366,63D46A8E-CB33-48E1-A6A6-662AF9AD922D,7,12,0,United States,united states,
319367,63D46A8E-CB33-48E1-A6A6-662AF9AD922D,8,10,7,California,california,
319368,63D46A8E-CB33-48E1-A6A6-662AF9AD922D,960,7,0,San Mateo,san mateo,
319369,63D46A8E-CB33-48E1-A6A6-662AF9AD922D,11311,5,960,Burlingame,burlingame,
319370,63D46A8E-CB33-48E1-A6A6-662AF9AD922D,11312,3,11311,Downtown Burlingame,downtown burlingame,
319371,63D46A8E-CB33-48E1-A6A6-662AF9AD922D,11313,2,11312,California Dr,california dr,
319556,74FF69CF-A6F6-42CA-A2C1-1FBBB4F22EEC,2,2046,0,Live Photos,live photos,
319557,74FF69CF-A6F6-42CA-A2C1-1FBBB4F22EEC,409,2024,0,Toy,toy,
319558,74FF69CF-A6F6-42CA-A2C1-1FBBB4F22EEC,1603,2024,0,Figurine,figurine,
319559,74FF69CF-A6F6-42CA-A2C1-1FBBB4F22EEC,3,2030,0,Spring,spring,
319560,74FF69CF-A6F6-42CA-A2C1-1FBBB4F22EEC,4,1014,0,April,april,
319561,74FF69CF-A6F6-42CA-A2C1-1FBBB4F22EEC,8073,1015,0,2018,2018,
319562,74FF69CF-A6F6-42CA-A2C1-1FBBB4F22EEC,15631,2056,0,IMG_4225.HEIC,img_4225.heic,
319563,74FF69CF-A6F6-42CA-A2C1-1FBBB4F22EEC,7,12,0,United States,united states,
319564,74FF69CF-A6F6-42CA-A2C1-1FBBB4F22EEC,8,10,7,California,california,
319565,74FF69CF-A6F6-42CA-A2C1-1FBBB4F22EEC,960,7,0,San Mateo,san mateo,
319566,74FF69CF-A6F6-42CA-A2C1-1FBBB4F22EEC,11311,5,960,Burlingame,burlingame,
319567,74FF69CF-A6F6-42CA-A2C1-1FBBB4F22EEC,11312,3,11311,Downtown Burlingame,downtown burlingame,
319568,74FF69CF-A6F6-42CA-A2C1-1FBBB4F22EEC,11313,2,11312,California Dr,california dr,
319569,75D227E6-3F2B-41A8-9977-E9B55255C861,2,2046,0,Live Photos,live photos,
319570,75D227E6-3F2B-41A8-9977-E9B55255C861,3,2030,0,Spring,spring,
319571,75D227E6-3F2B-41A8-9977-E9B55255C861,4,1014,0,April,april,
319572,75D227E6-3F2B-41A8-9977-E9B55255C861,8073,1015,0,2018,2018,
319573,75D227E6-3F2B-41A8-9977-E9B55255C861,427,2056,0,IMG_4217.HEIC,img_4217.heic,
319574,75D227E6-3F2B-41A8-9977-E9B55255C861,7,12,0,United States,united states,
319575,75D227E6-3F2B-41A8-9977-E9B55255C861,8,10,7,California,california,
319576,75D227E6-3F2B-41A8-9977-E9B55255C861,960,7,0,San Mateo,san mateo,
319577,75D227E6-3F2B-41A8-9977-E9B55255C861,11311,5,960,Burlingame,burlingame,
319578,75D227E6-3F2B-41A8-9977-E9B55255C861,11312,3,11311,Downtown Burlingame,downtown burlingame,
319579,75D227E6-3F2B-41A8-9977-E9B55255C861,11313,2,11312,California Dr,california dr,
319630,7A635293-467F-4C79-A04D-68A1C0250EB7,2,2046,0,Live Photos,live photos,
319631,7A635293-467F-4C79-A04D-68A1C0250EB7,409,2024,0,Toy,toy,
319632,7A635293-467F-4C79-A04D-68A1C0250EB7,3,2030,0,Spring,spring,
319633,7A635293-467F-4C79-A04D-68A1C0250EB7,4,1014,0,April,april,
319634,7A635293-467F-4C79-A04D-68A1C0250EB7,8073,1015,0,2018,2018,
319635,7A635293-467F-4C79-A04D-68A1C0250EB7,23027,2056,0,IMG_4241.HEIC,img_4241.heic,
319636,7A635293-467F-4C79-A04D-68A1C0250EB7,7,12,0,United States,united states,
319637,7A635293-467F-4C79-A04D-68A1C0250EB7,8,10,7,California,california,
319638,7A635293-467F-4C79-A04D-68A1C0250EB7,960,7,0,San Mateo,san mateo,
319639,7A635293-467F-4C79-A04D-68A1C0250EB7,11311,5,960,Burlingame,burlingame,
319640,7A635293-467F-4C79-A04D-68A1C0250EB7,11312,3,11311,Downtown Burlingame,downtown burlingame,
319641,7A635293-467F-4C79-A04D-68A1C0250EB7,11313,2,11312,California Dr,california dr,
319819,8338977E-56F0-4A7D-A6FD-33C2B27C9364,2,2046,0,Live Photos,live photos,
319820,8338977E-56F0-4A7D-A6FD-33C2B27C9364,409,2024,0,Toy,toy,
319821,8338977E-56F0-4A7D-A6FD-33C2B27C9364,1603,2024,0,Figurine,figurine,
319822,8338977E-56F0-4A7D-A6FD-33C2B27C9364,3,2030,0,Spring,spring,
319823,8338977E-56F0-4A7D-A6FD-33C2B27C9364,4,1014,0,April,april,
319824,8338977E-56F0-4A7D-A6FD-33C2B27C9364,8073,1015,0,2018,2018,
319825,8338977E-56F0-4A7D-A6FD-33C2B27C9364,15626,2056,0,IMG_4226.HEIC,img_4226.heic,
319826,8338977E-56F0-4A7D-A6FD-33C2B27C9364,7,12,0,United States,united states,
319827,8338977E-56F0-4A7D-A6FD-33C2B27C9364,8,10,7,California,california,
319828,8338977E-56F0-4A7D-A6FD-33C2B27C9364,960,7,0,San Mateo,san mateo,
319829,8338977E-56F0-4A7D-A6FD-33C2B27C9364,11311,5,960,Burlingame,burlingame,
319830,8338977E-56F0-4A7D-A6FD-33C2B27C9364,11312,3,11311,Downtown Burlingame,downtown burlingame,
319831,8338977E-56F0-4A7D-A6FD-33C2B27C9364,11313,2,11312,California Dr,california dr,
319832,84CA3880-9BC5-4FF0-9416-8AF1800985EC,2,2046,0,Live Photos,live photos,
319833,84CA3880-9BC5-4FF0-9416-8AF1800985EC,409,2024,0,Toy,toy,
319834,84CA3880-9BC5-4FF0-9416-8AF1800985EC,1603,2024,0,Figurine,figurine,
319835,84CA3880-9BC5-4FF0-9416-8AF1800985EC,3,2030,0,Spring,spring,
319836,84CA3880-9BC5-4FF0-9416-8AF1800985EC,4,1014,0,April,april,
319837,84CA3880-9BC5-4FF0-9416-8AF1800985EC,8073,1015,0,2018,2018,
319838,84CA3880-9BC5-4FF0-9416-8AF1800985EC,378,2056,0,IMG_4214.HEIC,img_4214.heic,
319839,84CA3880-9BC5-4FF0-9416-8AF1800985EC,7,12,0,United States,united states,
319840,84CA3880-9BC5-4FF0-9416-8AF1800985EC,8,10,7,California,california,
319841,84CA3880-9BC5-4FF0-9416-8AF1800985EC,960,7,0,San Mateo,san mateo,
319842,84CA3880-9BC5-4FF0-9416-8AF1800985EC,11311,5,960,Burlingame,burlingame,
319843,84CA3880-9BC5-4FF0-9416-8AF1800985EC,11312,3,11311,Downtown Burlingame,downtown burlingame,
319844,84CA3880-9BC5-4FF0-9416-8AF1800985EC,11313,2,11312,California Dr,california dr,
319907,8800AD7C-B9A7-4EC9-B543-8CC8892258F1,2,2046,0,Live Photos,live photos,
319908,8800AD7C-B9A7-4EC9-B543-8CC8892258F1,338,2024,0,Art,art,
319909,8800AD7C-B9A7-4EC9-B543-8CC8892258F1,409,2024,0,Toy,toy,
319910,8800AD7C-B9A7-4EC9-B543-8CC8892258F1,1603,2024,0,Figurine,figurine,
319911,8800AD7C-B9A7-4EC9-B543-8CC8892258F1,3,2030,0,Spring,spring,
319912,8800AD7C-B9A7-4EC9-B543-8CC8892258F1,4,1014,0,April,april,
319913,8800AD7C-B9A7-4EC9-B543-8CC8892258F1,8073,1015,0,2018,2018,
319914,8800AD7C-B9A7-4EC9-B543-8CC8892258F1,15586,2056,0,IMG_4234.HEIC,img_4234.heic,
319915,8800AD7C-B9A7-4EC9-B543-8CC8892258F1,7,12,0,United States,united states,
319916,8800AD7C-B9A7-4EC9-B543-8CC8892258F1,8,10,7,California,california,
319917,8800AD7C-B9A7-4EC9-B543-8CC8892258F1,960,7,0,San Mateo,san mateo,
319918,8800AD7C-B9A7-4EC9-B543-8CC8892258F1,11311,5,960,Burlingame,burlingame,
319919,8800AD7C-B9A7-4EC9-B543-8CC8892258F1,11312,3,11311,Downtown Burlingame,downtown burlingame,
319920,8800AD7C-B9A7-4EC9-B543-8CC8892258F1,11313,2,11312,California Dr,california dr,
319921,884202B6-0565-4E6B-9FDA-2AFA6467FC3A,2,2046,0,Live Photos,live photos,
319922,884202B6-0565-4E6B-9FDA-2AFA6467FC3A,420,2024,0,Foliage,foliage,
319923,884202B6-0565-4E6B-9FDA-2AFA6467FC3A,397,2024,0,Plant,plant,
319924,884202B6-0565-4E6B-9FDA-2AFA6467FC3A,1599,2024,0,Branch,branch,
319925,884202B6-0565-4E6B-9FDA-2AFA6467FC3A,3,2030,0,Spring,spring,
319926,884202B6-0565-4E6B-9FDA-2AFA6467FC3A,6230,1014,0,May,may,
319927,884202B6-0565-4E6B-9FDA-2AFA6467FC3A,8073,1015,0,2018,2018,
319928,884202B6-0565-4E6B-9FDA-2AFA6467FC3A,26,2056,0,IMG_4372.HEIC,img_4372.heic,
319929,884202B6-0565-4E6B-9FDA-2AFA6467FC3A,11314,12,0,Panama,panama,
319930,884202B6-0565-4E6B-9FDA-2AFA6467FC3A,11315,10,11314,Panam,panama,
319931,884202B6-0565-4E6B-9FDA-2AFA6467FC3A,11316,5,11315,Panama City,panama city,
320003,8C14D153-031C-4AC5-B815-8A0321BFA305,2,2046,0,Live Photos,live photos,
320004,8C14D153-031C-4AC5-B815-8A0321BFA305,296,2024,0,Outdoor,outdoor,
320005,8C14D153-031C-4AC5-B815-8A0321BFA305,420,2024,0,Foliage,foliage,
320006,8C14D153-031C-4AC5-B815-8A0321BFA305,397,2024,0,Plant,plant,
320007,8C14D153-031C-4AC5-B815-8A0321BFA305,312,2024,0,Animal,animal,
320008,8C14D153-031C-4AC5-B815-8A0321BFA305,313,2024,0,Mammal,mammal,
320009,8C14D153-031C-4AC5-B815-8A0321BFA305,6460,2024,0,Boar,boar,
320010,8C14D153-031C-4AC5-B815-8A0321BFA305,3,2030,0,Spring,spring,
320011,8C14D153-031C-4AC5-B815-8A0321BFA305,6230,1014,0,May,may,
320012,8C14D153-031C-4AC5-B815-8A0321BFA305,8073,1015,0,2018,2018,
320013,8C14D153-031C-4AC5-B815-8A0321BFA305,22,2056,0,IMG_4389.HEIC,img_4389.heic,
320014,8C14D153-031C-4AC5-B815-8A0321BFA305,11314,12,0,Panama,panama,
320015,8C14D153-031C-4AC5-B815-8A0321BFA305,11315,10,11314,Panam,panama,
320016,8C14D153-031C-4AC5-B815-8A0321BFA305,11316,5,11315,Panama City,panama city,
320017,8C14D153-031C-4AC5-B815-8A0321BFA305,11317,3,11316,Historic District of Panam,historic district of panama,
320018,8C14D153-031C-4AC5-B815-8A0321BFA305,23009,2,11317,Quarry Heights Road,quarry heights road,
320255,9C790AF0-D6F6-4CB6-8DB1-D74DF52754E5,2,2046,0,Live Photos,live photos,
320256,9C790AF0-D6F6-4CB6-8DB1-D74DF52754E5,409,2024,0,Toy,toy,
320257,9C790AF0-D6F6-4CB6-8DB1-D74DF52754E5,1603,2024,0,Figurine,figurine,
320258,9C790AF0-D6F6-4CB6-8DB1-D74DF52754E5,3,2030,0,Spring,spring,
320259,9C790AF0-D6F6-4CB6-8DB1-D74DF52754E5,4,1014,0,April,april,
320260,9C790AF0-D6F6-4CB6-8DB1-D74DF52754E5,8073,1015,0,2018,2018,
320261,9C790AF0-D6F6-4CB6-8DB1-D74DF52754E5,429,2056,0,IMG_4213.HEIC,img_4213.heic,
320262,9C790AF0-D6F6-4CB6-8DB1-D74DF52754E5,7,12,0,United States,united states,
320263,9C790AF0-D6F6-4CB6-8DB1-D74DF52754E5,8,10,7,California,california,
320264,9C790AF0-D6F6-4CB6-8DB1-D74DF52754E5,960,7,0,San Mateo,san mateo,
320265,9C790AF0-D6F6-4CB6-8DB1-D74DF52754E5,11311,5,960,Burlingame,burlingame,
320266,9C790AF0-D6F6-4CB6-8DB1-D74DF52754E5,11312,3,11311,Downtown Burlingame,downtown burlingame,
320267,9C790AF0-D6F6-4CB6-8DB1-D74DF52754E5,11313,2,11312,California Dr,california dr,
320268,9D1D2C1F-5BBF-4142-AABF-36F7DE028FA4,2,2046,0,Live Photos,live photos,
320269,9D1D2C1F-5BBF-4142-AABF-36F7DE028FA4,3,2030,0,Spring,spring,
320270,9D1D2C1F-5BBF-4142-AABF-36F7DE028FA4,4,1014,0,April,april,
320271,9D1D2C1F-5BBF-4142-AABF-36F7DE028FA4,8073,1015,0,2018,2018,
320272,9D1D2C1F-5BBF-4142-AABF-36F7DE028FA4,15568,2056,0,IMG_4239.HEIC,img_4239.heic,
320273,9D1D2C1F-5BBF-4142-AABF-36F7DE028FA4,7,12,0,United States,united states,
320274,9D1D2C1F-5BBF-4142-AABF-36F7DE028FA4,8,10,7,California,california,
320275,9D1D2C1F-5BBF-4142-AABF-36F7DE028FA4,960,7,0,San Mateo,san mateo,
320276,9D1D2C1F-5BBF-4142-AABF-36F7DE028FA4,11311,5,960,Burlingame,burlingame,
320277,9D1D2C1F-5BBF-4142-AABF-36F7DE028FA4,11312,3,11311,Downtown Burlingame,downtown burlingame,
320278,9D1D2C1F-5BBF-4142-AABF-36F7DE028FA4,11313,2,11312,California Dr,california dr,
320300,9FA3546D-056E-4B3F-BBAC-AD74DEA303C4,2,2046,0,Live Photos,live photos,
320301,9FA3546D-056E-4B3F-BBAC-AD74DEA303C4,3,2030,0,Spring,spring,
320302,9FA3546D-056E-4B3F-BBAC-AD74DEA303C4,4,1014,0,April,april,
320303,9FA3546D-056E-4B3F-BBAC-AD74DEA303C4,8073,1015,0,2018,2018,
320304,9FA3546D-056E-4B3F-BBAC-AD74DEA303C4,15643,2056,0,IMG_4221.HEIC,img_4221.heic,
320305,9FA3546D-056E-4B3F-BBAC-AD74DEA303C4,7,12,0,United States,united states,
320306,9FA3546D-056E-4B3F-BBAC-AD74DEA303C4,8,10,7,California,california,
320307,9FA3546D-056E-4B3F-BBAC-AD74DEA303C4,960,7,0,San Mateo,san mateo,
320308,9FA3546D-056E-4B3F-BBAC-AD74DEA303C4,11311,5,960,Burlingame,burlingame,
320309,9FA3546D-056E-4B3F-BBAC-AD74DEA303C4,11312,3,11311,Downtown Burlingame,downtown burlingame,
320310,9FA3546D-056E-4B3F-BBAC-AD74DEA303C4,11313,2,11312,California Dr,california dr,
320440,AB43E9CF-7846-4218-AB2E-191D1BA9844E,2,2046,0,Live Photos,live photos,
320441,AB43E9CF-7846-4218-AB2E-191D1BA9844E,296,2024,0,Outdoor,outdoor,
320442,AB43E9CF-7846-4218-AB2E-191D1BA9844E,3,2030,0,Spring,spring,
320443,AB43E9CF-7846-4218-AB2E-191D1BA9844E,4,1014,0,April,april,
320444,AB43E9CF-7846-4218-AB2E-191D1BA9844E,8073,1015,0,2018,2018,
320445,AB43E9CF-7846-4218-AB2E-191D1BA9844E,476,2056,0,IMG_4249.HEIC,img_4249.heic,
320446,AB43E9CF-7846-4218-AB2E-191D1BA9844E,7,12,0,United States,united states,
320447,AB43E9CF-7846-4218-AB2E-191D1BA9844E,8,10,7,California,california,
320448,AB43E9CF-7846-4218-AB2E-191D1BA9844E,960,7,0,San Mateo,san mateo,
320449,AB43E9CF-7846-4218-AB2E-191D1BA9844E,11311,5,960,Burlingame,burlingame,
320450,AB43E9CF-7846-4218-AB2E-191D1BA9844E,11312,3,11311,Downtown Burlingame,downtown burlingame,
320451,AB43E9CF-7846-4218-AB2E-191D1BA9844E,11313,2,11312,California Dr,california dr,
320480,B0DD56EB-03F6-4362-8DAA-DE8580838F78,2,2046,0,Live Photos,live photos,
320481,B0DD56EB-03F6-4362-8DAA-DE8580838F78,1289,2024,0,Sign,sign,
320482,B0DD56EB-03F6-4362-8DAA-DE8580838F78,3,2030,0,Spring,spring,
320483,B0DD56EB-03F6-4362-8DAA-DE8580838F78,4,1014,0,April,april,
320484,B0DD56EB-03F6-4362-8DAA-DE8580838F78,8073,1015,0,2018,2018,
320485,B0DD56EB-03F6-4362-8DAA-DE8580838F78,467,2056,0,IMG_4209.HEIC,img_4209.heic,
320486,B0DD56EB-03F6-4362-8DAA-DE8580838F78,7,12,0,United States,united states,
320487,B0DD56EB-03F6-4362-8DAA-DE8580838F78,8,10,7,California,california,
320488,B0DD56EB-03F6-4362-8DAA-DE8580838F78,960,7,0,San Mateo,san mateo,
320489,B0DD56EB-03F6-4362-8DAA-DE8580838F78,11311,5,960,Burlingame,burlingame,
320490,B0DD56EB-03F6-4362-8DAA-DE8580838F78,11312,3,11311,Downtown Burlingame,downtown burlingame,
320491,B0DD56EB-03F6-4362-8DAA-DE8580838F78,11313,2,11312,California Dr,california dr,
320621,B95E6DC5-8DFC-4B5B-86DC-68D7616C8C0E,2,2046,0,Live Photos,live photos,
320622,B95E6DC5-8DFC-4B5B-86DC-68D7616C8C0E,3,2030,0,Spring,spring,
320623,B95E6DC5-8DFC-4B5B-86DC-68D7616C8C0E,4,1014,0,April,april,
320624,B95E6DC5-8DFC-4B5B-86DC-68D7616C8C0E,8073,1015,0,2018,2018,
320625,B95E6DC5-8DFC-4B5B-86DC-68D7616C8C0E,537,2056,0,IMG_4220.HEIC,img_4220.heic,
320626,B95E6DC5-8DFC-4B5B-86DC-68D7616C8C0E,7,12,0,United States,united states,
320627,B95E6DC5-8DFC-4B5B-86DC-68D7616C8C0E,8,10,7,California,california,
320628,B95E6DC5-8DFC-4B5B-86DC-68D7616C8C0E,960,7,0,San Mateo,san mateo,
320629,B95E6DC5-8DFC-4B5B-86DC-68D7616C8C0E,11311,5,960,Burlingame,burlingame,
320630,B95E6DC5-8DFC-4B5B-86DC-68D7616C8C0E,11312,3,11311,Downtown Burlingame,downtown burlingame,
320631,B95E6DC5-8DFC-4B5B-86DC-68D7616C8C0E,11313,2,11312,California Dr,california dr,
320705,C4953733-B5AE-4410-B654-834DABC67F07,2,2046,0,Live Photos,live photos,
320706,C4953733-B5AE-4410-B654-834DABC67F07,409,2024,0,Toy,toy,
320707,C4953733-B5AE-4410-B654-834DABC67F07,340,2024,0,Clothing,clothing,
320708,C4953733-B5AE-4410-B654-834DABC67F07,3,2030,0,Spring,spring,
320709,C4953733-B5AE-4410-B654-834DABC67F07,4,1014,0,April,april,
320710,C4953733-B5AE-4410-B654-834DABC67F07,8073,1015,0,2018,2018,
320711,C4953733-B5AE-4410-B654-834DABC67F07,15499,2056,0,IMG_4238.HEIC,img_4238.heic,
320712,C4953733-B5AE-4410-B654-834DABC67F07,7,12,0,United States,united states,
320713,C4953733-B5AE-4410-B654-834DABC67F07,8,10,7,California,california,
320714,C4953733-B5AE-4410-B654-834DABC67F07,960,7,0,San Mateo,san mateo,
320715,C4953733-B5AE-4410-B654-834DABC67F07,11311,5,960,Burlingame,burlingame,
320716,C4953733-B5AE-4410-B654-834DABC67F07,11312,3,11311,Downtown Burlingame,downtown burlingame,
320717,C4953733-B5AE-4410-B654-834DABC67F07,11313,2,11312,California Dr,california dr,
320785,C82E683C-DE86-4E9F-A083-C236C315D363,2,2046,0,Live Photos,live photos,
320786,C82E683C-DE86-4E9F-A083-C236C315D363,1289,2024,0,Sign,sign,
320787,C82E683C-DE86-4E9F-A083-C236C315D363,347,2024,0,Adult,adult,
320788,C82E683C-DE86-4E9F-A083-C236C315D363,337,2024,0,Painting,painting,
320789,C82E683C-DE86-4E9F-A083-C236C315D363,472,2024,0,Frame,frame,
320790,C82E683C-DE86-4E9F-A083-C236C315D363,338,2024,0,Art,art,
320791,C82E683C-DE86-4E9F-A083-C236C315D363,286,2024,0,People,people,
320792,C82E683C-DE86-4E9F-A083-C236C315D363,3,2030,0,Spring,spring,
320793,C82E683C-DE86-4E9F-A083-C236C315D363,4,1014,0,April,april,
320794,C82E683C-DE86-4E9F-A083-C236C315D363,8073,1015,0,2018,2018,
320795,C82E683C-DE86-4E9F-A083-C236C315D363,567,2056,0,IMG_4212.HEIC,img_4212.heic,
320796,C82E683C-DE86-4E9F-A083-C236C315D363,7,12,0,United States,united states,
320797,C82E683C-DE86-4E9F-A083-C236C315D363,8,10,7,California,california,
320798,C82E683C-DE86-4E9F-A083-C236C315D363,960,7,0,San Mateo,san mateo,
320799,C82E683C-DE86-4E9F-A083-C236C315D363,11311,5,960,Burlingame,burlingame,
320800,C82E683C-DE86-4E9F-A083-C236C315D363,11312,3,11311,Downtown Burlingame,downtown burlingame,
320801,C82E683C-DE86-4E9F-A083-C236C315D363,11313,2,11312,California Dr,california dr,
320802,C8CCC8EE-382E-4265-8236-E2F30764A55C,2,2046,0,Live Photos,live photos,
320803,C8CCC8EE-382E-4265-8236-E2F30764A55C,1289,2024,0,Sign,sign,
320804,C8CCC8EE-382E-4265-8236-E2F30764A55C,337,2024,0,Painting,painting,
320805,C8CCC8EE-382E-4265-8236-E2F30764A55C,472,2024,0,Frame,frame,
320806,C8CCC8EE-382E-4265-8236-E2F30764A55C,338,2024,0,Art,art,
320807,C8CCC8EE-382E-4265-8236-E2F30764A55C,286,2024,0,People,people,
320808,C8CCC8EE-382E-4265-8236-E2F30764A55C,347,2024,0,Adult,adult,
320809,C8CCC8EE-382E-4265-8236-E2F30764A55C,3,2030,0,Spring,spring,
320810,C8CCC8EE-382E-4265-8236-E2F30764A55C,4,1014,0,April,april,
320811,C8CCC8EE-382E-4265-8236-E2F30764A55C,8073,1015,0,2018,2018,
320812,C8CCC8EE-382E-4265-8236-E2F30764A55C,519,2056,0,IMG_4211.HEIC,img_4211.heic,
320813,C8CCC8EE-382E-4265-8236-E2F30764A55C,7,12,0,United States,united states,
320814,C8CCC8EE-382E-4265-8236-E2F30764A55C,8,10,7,California,california,
320815,C8CCC8EE-382E-4265-8236-E2F30764A55C,960,7,0,San Mateo,san mateo,
320816,C8CCC8EE-382E-4265-8236-E2F30764A55C,11311,5,960,Burlingame,burlingame,
320817,C8CCC8EE-382E-4265-8236-E2F30764A55C,11312,3,11311,Downtown Burlingame,downtown burlingame,
320818,C8CCC8EE-382E-4265-8236-E2F30764A55C,11313,2,11312,California Dr,california dr,
320819,CC3EF420-EAC4-4661-8D68-C2009F892C04,2,2046,0,Live Photos,live photos,
320820,CC3EF420-EAC4-4661-8D68-C2009F892C04,1603,2024,0,Figurine,figurine,
320821,CC3EF420-EAC4-4661-8D68-C2009F892C04,409,2024,0,Toy,toy,
320822,CC3EF420-EAC4-4661-8D68-C2009F892C04,3,2030,0,Spring,spring,
320823,CC3EF420-EAC4-4661-8D68-C2009F892C04,4,1014,0,April,april,
320824,CC3EF420-EAC4-4661-8D68-C2009F892C04,8073,1015,0,2018,2018,
320825,CC3EF420-EAC4-4661-8D68-C2009F892C04,15542,2056,0,IMG_4232.HEIC,img_4232.heic,
320826,CC3EF420-EAC4-4661-8D68-C2009F892C04,7,12,0,United States,united states,
320827,CC3EF420-EAC4-4661-8D68-C2009F892C04,8,10,7,California,california,
320828,CC3EF420-EAC4-4661-8D68-C2009F892C04,960,7,0,San Mateo,san mateo,
320829,CC3EF420-EAC4-4661-8D68-C2009F892C04,11311,5,960,Burlingame,burlingame,
320830,CC3EF420-EAC4-4661-8D68-C2009F892C04,11312,3,11311,Downtown Burlingame,downtown burlingame,
320831,CC3EF420-EAC4-4661-8D68-C2009F892C04,11313,2,11312,California Dr,california dr,
321142,D6E497F5-7F93-4434-96D4-7927D358886A,2,2046,0,Live Photos,live photos,
321143,D6E497F5-7F93-4434-96D4-7927D358886A,409,2024,0,Toy,toy,
321144,D6E497F5-7F93-4434-96D4-7927D358886A,1603,2024,0,Figurine,figurine,
321145,D6E497F5-7F93-4434-96D4-7927D358886A,3,2030,0,Spring,spring,
321146,D6E497F5-7F93-4434-96D4-7927D358886A,4,1014,0,April,april,
321147,D6E497F5-7F93-4434-96D4-7927D358886A,8073,1015,0,2018,2018,
321148,D6E497F5-7F93-4434-96D4-7927D358886A,15583,2056,0,IMG_4233.HEIC,img_4233.heic,
321149,D6E497F5-7F93-4434-96D4-7927D358886A,7,12,0,United States,united states,
321150,D6E497F5-7F93-4434-96D4-7927D358886A,8,10,7,California,california,
321151,D6E497F5-7F93-4434-96D4-7927D358886A,960,7,0,San Mateo,san mateo,
321152,D6E497F5-7F93-4434-96D4-7927D358886A,11311,5,960,Burlingame,burlingame,
321153,D6E497F5-7F93-4434-96D4-7927D358886A,11312,3,11311,Downtown Burlingame,downtown burlingame,
321154,D6E497F5-7F93-4434-96D4-7927D358886A,11313,2,11312,California Dr,california dr,
321244,DAEEB402-23FC-4CFB-9C40-75DF9B7C0E8F,2,2046,0,Live Photos,live photos,
321245,DAEEB402-23FC-4CFB-9C40-75DF9B7C0E8F,1289,2024,0,Sign,sign,
321246,DAEEB402-23FC-4CFB-9C40-75DF9B7C0E8F,3,2030,0,Spring,spring,
321247,DAEEB402-23FC-4CFB-9C40-75DF9B7C0E8F,4,1014,0,April,april,
321248,DAEEB402-23FC-4CFB-9C40-75DF9B7C0E8F,8073,1015,0,2018,2018,
321249,DAEEB402-23FC-4CFB-9C40-75DF9B7C0E8F,473,2056,0,IMG_4210.HEIC,img_4210.heic,
321250,DAEEB402-23FC-4CFB-9C40-75DF9B7C0E8F,7,12,0,United States,united states,
321251,DAEEB402-23FC-4CFB-9C40-75DF9B7C0E8F,8,10,7,California,california,
321252,DAEEB402-23FC-4CFB-9C40-75DF9B7C0E8F,960,7,0,San Mateo,san mateo,
